rank,priority33,target,language,wiki_id,page_id,revision_id,slot,unit_id,ordinal,start_byte,end_byte,unit_sha256,page_sha256,page_file_sha256,unit_utf8_bytes,unit_char_length,length_band,page_title,selection_stage,review_axes,existing_issue_types,selection_reason
1,True,Munjong of Joseon,ko,kowiki,11019,41388548,main,kowiki:11019:41388548:main:byte-7825-10987,3,7825,10987,d6d4f259c509d9deabb20e6d12b6b48a2dec1e5eba48856cbea9ccb167b22a7b,52a6a0e2184330048d1bcd5b8fd30a045519f8346dc0df1a2860b3952718c041,ee6cebe0798686e75178b33c3a6e23eccc1290905eaff4114d4736b9d76a29e3,3162,1828,long,문종 (조선),existing_audit_anchor,source_first_omission_review,,source_first_omission_review; length:long; stage:existing_audit_anchor
2,True,Munjong of Joseon,es,eswiki,11040151,165398139,main,eswiki:11040151:165398139:main:byte-11453-14612,4,11453,14612,ea72dfda8b45e97d42371de202402ed1303e4a00e6ed59b120fd7271fcaa87c2,06ad824715fde22c34482d72a63ec7061be5fe03083da0a9915294338a675d58,f287f32fcd533d74fefaff1f5ece85fba67861297cc92bd57db6061d19c02685,3159,3086,long,Munjong de Joseon,existing_audit_anchor,existing_K_candidate_review,label_without_knowledge_content,existing_K_candidate_review; existing_issue:label_without_knowledge_content; length:long; stage:existing_audit_anchor
3,True,Munjong of Joseon,en,enwiki,2402602,1373181821,main,enwiki:2402602:1373181821:main:byte-9352-12429,3,9352,12429,0b1279f5fcca4a3d0aa5178b4426d1ab663422de459e36b13e1f5ce69d8d6271,837f7ed81b3efa750071bd6d05dca300339b6be3436b2fab9b2da440b03a4bb6,9ddebeb35b708ff2f3558f690b46bf0645ca23308a6147281df96660d557e279,3077,2820,long,Munjong of Joseon,existing_audit_anchor,existing_H_candidate_review,,existing_H_candidate_review; length:long; stage:existing_audit_anchor
4,True,Munjong of Joseon,en,enwiki,2402602,1373181821,main,enwiki:2402602:1373181821:main:byte-6154-9352,2,6154,9352,4bb159168a2a1ddc6d240ae7738ca4c656e41cd872852bdc5d46b0a938a93d10,837f7ed81b3efa750071bd6d05dca300339b6be3436b2fab9b2da440b03a4bb6,9ddebeb35b708ff2f3558f690b46bf0645ca23308a6147281df96660d557e279,3198,3067,long,Munjong of Joseon,existing_audit_anchor,"existing_B_candidate_review,existing_K_candidate_review,source_first_omission_review","event_as_knowledge_and_uncertainty_loss,non_knowledge_bridge_and_uncertainty_loss","existing_B_candidate_review; existing_K_candidate_review; source_first_omission_review; existing_issue:event_as_knowledge_and_uncertainty_loss,non_knowledge_bridge_and_uncertainty_loss; length:long; stage:existing_audit_anchor"
5,True,Munjong of Joseon,ko,kowiki,11019,41388548,main,kowiki:11019:41388548:main:byte-2484-5061,1,2484,5061,9258d21228b065f64f50b9b2c25c1344411262b91626751c8c65d2033fd88d82,52a6a0e2184330048d1bcd5b8fd30a045519f8346dc0df1a2860b3952718c041,ee6cebe0798686e75178b33c3a6e23eccc1290905eaff4114d4736b9d76a29e3,2577,1381,long,문종 (조선),existing_audit_anchor,existing_B_candidate_review,"device_method_conflation,missing_k_link","existing_B_candidate_review; existing_issue:device_method_conflation,missing_k_link; length:long; stage:existing_audit_anchor"
6,True,Munjong of Joseon,ko,kowiki,11019,41388548,main,kowiki:11019:41388548:main:byte-5061-7825,2,5061,7825,c710e2ac1153592143e43f6d06f3ffb042bb1e28fb83f472646b320ef3d795fc,52a6a0e2184330048d1bcd5b8fd30a045519f8346dc0df1a2860b3952718c041,ee6cebe0798686e75178b33c3a6e23eccc1290905eaff4114d4736b9d76a29e3,2764,1270,long,문종 (조선),existing_audit_anchor,existing_H_candidate_review,,existing_H_candidate_review; length:long; stage:existing_audit_anchor
7,True,Munjong of Joseon,ko,kowiki,11019,41388548,main,kowiki:11019:41388548:main:byte-0-2484,0,0,2484,e0bbbf9cb6f0c6bc6d2a1ef475816e690539bee738992236b29d8ea6e647a635,52a6a0e2184330048d1bcd5b8fd30a045519f8346dc0df1a2860b3952718c041,ee6cebe0798686e75178b33c3a6e23eccc1290905eaff4114d4736b9d76a29e3,2484,1416,long,문종 (조선),existing_audit_anchor,existing_K_candidate_review,,existing_K_candidate_review; length:long; stage:existing_audit_anchor
8,False,Munjong of Joseon,fa,fawiki,1858625,44087933,main,fawiki:1858625:44087933:main:byte-2883-4824,1,2883,4824,8231e0bdcbb7ed0abd29e6008bd66d32f7b23f6e49a0fb31db85f8af940eb488,be92cdde692e4523cce6e9fb15e5fe8c5ac46ea6acb39c35e0dcf16aeffa735f,f52490ba5307901d3df39e1fce3964991b0709620d19dfb893b60471d473da9c,1941,1434,middle,مونجونگ، پادشاه چوسان,length_coverage,language_length_coverage,,language_length_coverage; length:middle; stage:length_coverage
9,False,Munjong of Joseon,ar,arwiki,1280925,73489932,main,arwiki:1280925:73489932:main:byte-6050-7359,2,6050,7359,3a631f5a3709516fd6e14a50ccab753b19ea270a5677a53ea49576a531b053e2,1ab22da7a44b06c201ebbc809f996fecb410c5d908f10ca14ba4b07383fffee8,69b4330adcfa5b05189143466467079f373f75105c61a8343f0746215e585d4c,1309,809,middle,منجونغ ملك جوسون,deterministic_fill,language_length_coverage,,language_length_coverage; length:middle; stage:deterministic_fill
10,False,Munjong of Joseon,fr,frwiki,6932478,223932633,main,frwiki:6932478:223932633:main:byte-0-2197,0,0,2197,3672baa06dd209e737a3e271696a371b06fb4cd5d001e9e661be6cf5eba87d6a,3672baa06dd209e737a3e271696a371b06fb4cd5d001e9e661be6cf5eba87d6a,4b6f2560e864f6354a8b7ff5ad97a4a3c6db0bc64ccf3e2a5ce177657812c638,2197,2129,middle,Munjong,language_coverage,language_length_coverage,,language_length_coverage; length:middle; stage:language_coverage
11,False,Munjong of Joseon,es,eswiki,11040151,165398139,main,eswiki:11040151:165398139:main:byte-2823-5180,1,2823,5180,7d8f7a74c6bf59dc3c715df607e5eb0bcadb31654fb3fe3eae00c3a5abed16c4,06ad824715fde22c34482d72a63ec7061be5fe03083da0a9915294338a675d58,f287f32fcd533d74fefaff1f5ece85fba67861297cc92bd57db6061d19c02685,2357,2220,middle,Munjong de Joseon,deterministic_fill,language_length_coverage,,language_length_coverage; length:middle; stage:deterministic_fill
12,False,Munjong of Joseon,zh,zhwiki,131987,93973543,main,zhwiki:131987:93973543:main:byte-4861-7481,2,4861,7481,bc61f0eea118f2ebb35b2b4c13a5befc56080a09d94562a81285df614409d7b2,ba1e59f52cfeb4fac8bfddd62b173ee1b503cf7a381de57662f29dc9261493b0,3a6f5b2e095f1f72149014957643b99fb8d66cc40c53157cc089133d75d793fe,2620,1864,long,朝鮮文宗,deterministic_fill,language_length_coverage,,language_length_coverage; length:long; stage:deterministic_fill
13,False,Munjong of Joseon,wuu,wuuwiki,40183,232427,main,wuuwiki:40183:232427:main:byte-0-292,0,0,292,b07aabf8a680c3e2d7b92434ea2eb28385afdb9e5c574ecf40a698d37b1e9185,b07aabf8a680c3e2d7b92434ea2eb28385afdb9e5c574ecf40a698d37b1e9185,cf4cf751f83569e58d3384c3dc78dcc35bafb35e9ad177c969c8ee9b49a618b9,292,134,short,朝鲜文宗,length_coverage,language_length_coverage,,language_length_coverage; length:short; stage:length_coverage
14,False,Munjong of Joseon,de,dewiki,7495337,258313441,main,dewiki:7495337:258313441:main:byte-0-3130,0,0,3130,46eda5c8695bf003f1a941d2500977b5eb940a82cfbd893a9c3f192974e36fa7,bcdb412f6294a31fdb35247aceb34592a0a17bc0d14a8c5a8b8c9708ef7ca0f2,efd96c293cd233edae32182f377052f11bfd6c8be4b482dd5f82b0c941451e33,3130,3049,long,Munjong (Joseon),language_coverage,language_length_coverage,,language_length_coverage; length:long; stage:language_coverage
15,False,Munjong of Joseon,zh,zhwiki,131987,93973543,main,zhwiki:131987:93973543:main:byte-0-1824,0,0,1824,c354cfbe2f97aba8f3dccb736d3f0b5bad033d5819b64e1d93f95449ce190365,ba1e59f52cfeb4fac8bfddd62b173ee1b503cf7a381de57662f29dc9261493b0,3a6f5b2e095f1f72149014957643b99fb8d66cc40c53157cc089133d75d793fe,1824,1086,middle,朝鮮文宗,language_coverage,language_length_coverage,,language_length_coverage; length:middle; stage:language_coverage
16,False,Munjong of Joseon,ru,ruwiki,4377911,151363838,main,ruwiki:4377911:151363838:main:byte-0-2975,0,0,2975,49fe0cf272f2c7afe8541a06dd91116a8acd5d0fb0632de541b966eaf01c6108,49fe0cf272f2c7afe8541a06dd91116a8acd5d0fb0632de541b966eaf01c6108,5d921ada0572c4671676bdaf12003566c1275169f3d4605e816512236f147336,2975,1869,long,Мунджон (ван Чосона),language_coverage,language_length_coverage,,language_length_coverage; length:long; stage:language_coverage
17,False,Munjong of Joseon,ja,jawiki,689303,108264716,main,jawiki:689303:108264716:main:byte-0-3065,0,0,3065,089ca03414b33062d366a6c41f766d6092c8f22a6fcd3dfd1d0e7aff532e7feb,f2f1739533ca52366292e0a72f2dac845efc54f49d4fa9e2ea4da22b48e2f167,eb6d8fdc9067197bdc9d561a5162d0ad501930ae1c2629f45ebd48034b601d51,3065,1471,long,文宗 (朝鮮王),deterministic_fill,language_length_coverage,,language_length_coverage; length:long; stage:deterministic_fill
18,False,Munjong of Joseon,ar,arwiki,1280925,73489932,main,arwiki:1280925:73489932:main:byte-0-2975,0,0,2975,3919396c12f354591e4cc408587f2a7bb2f1bd6db1cb28fd34850a36ab0ee2af,1ab22da7a44b06c201ebbc809f996fecb410c5d908f10ca14ba4b07383fffee8,69b4330adcfa5b05189143466467079f373f75105c61a8343f0746215e585d4c,2975,1896,long,منجونغ ملك جوسون,existing_audit_anchor,existing_B_candidate_review,"attribution_loss_and_k_mismatch,thin_knowledge_content","existing_B_candidate_review; existing_issue:attribution_loss_and_k_mismatch,thin_knowledge_content; length:long; stage:existing_audit_anchor"
19,False,Munjong of Joseon,ja,jawiki,689303,108264716,main,jawiki:689303:108264716:main:byte-9395-11102,3,9395,11102,9bea728948c5c7a674587cf9bb2f04bec664b96593354c95444edc62d842b7e3,f2f1739533ca52366292e0a72f2dac845efc54f49d4fa9e2ea4da22b48e2f167,eb6d8fdc9067197bdc9d561a5162d0ad501930ae1c2629f45ebd48034b601d51,1707,1189,middle,文宗 (朝鮮王),existing_audit_anchor,existing_H_candidate_review,,existing_H_candidate_review; length:middle; stage:existing_audit_anchor
20,False,Munjong of Joseon,sv,svwiki,8543910,58690099,main,svwiki:8543910:58690099:main:byte-0-556,0,0,556,1f20039aeae621871f1fb8d4171a3a09a9ad4409bb0e13a3d73ff0a6d42e4abf,1f20039aeae621871f1fb8d4171a3a09a9ad4409bb0e13a3d73ff0a6d42e4abf,3874afa6e3f18fa9443ee738712db9afe637b05c18f3625f26e883e422904bd6,556,544,short,Munjong av Joseon,length_coverage,language_length_coverage,,language_length_coverage; length:short; stage:length_coverage
21,True,Danjong of Joseon,en,enwiki,3121209,1376107563,main,enwiki:3121209:1376107563:main:byte-8929-11467,3,8929,11467,4a5c7ee3859cdff001b72d6c4914ca0f137b49332c556408098ad875207dc86e,bad9ba0829a2b7811cc71ace84071f0351fd40d173ec07338f7e554e9a6eda55,68bf1cf078ffb9fcbb7e9279f114b3ed32e9aa88480e63fa3c61a9c139073d3e,2538,2488,long,Danjong of Joseon,existing_audit_anchor,existing_H_candidate_review,uncertain_claim_as_fact_and_role_loss,existing_H_candidate_review; existing_issue:uncertain_claim_as_fact_and_role_loss; length:long; stage:existing_audit_anchor
22,True,Danjong of Joseon,fr,frwiki,6932493,235393250,main,frwiki:6932493:235393250:main:byte-0-2212,0,0,2212,80c76043dde119c0f72794a088b748c5fe217964e34d85177501623efbe77b36,80c76043dde119c0f72794a088b748c5fe217964e34d85177501623efbe77b36,f9ccdd38d6e0a051397c99bbeb6484fe282eb4618c479e0c620bf7b3d0a223f8,2212,2126,middle,Danjong,existing_audit_anchor,existing_H_candidate_review,,existing_H_candidate_review; length:middle; stage:existing_audit_anchor
23,True,Danjong of Joseon,ko,kowiki,6443,42439321,main,kowiki:6443:42439321:main:byte-5189-8009,2,5189,8009,945e85bcfd584c0bc298b19ea40685509ca7f77e981a7265b4244540106eaf99,28fd4cd7cdb2b8f513919ee1c6aa1c65af011eae6b5c9d430914d27b775c77a2,c449fa9431c1edf749b6866d8849fdf23d714dfc884ddce7c6c9a10c7051c396,2820,1216,long,단종 (조선),existing_audit_anchor,"existing_H_candidate_review,existing_K_candidate_review",,existing_H_candidate_review; existing_K_candidate_review; length:long; stage:existing_audit_anchor
24,True,Danjong of Joseon,en,enwiki,3121209,1376107563,main,enwiki:3121209:1376107563:main:byte-11467-14578,4,11467,14578,0c15b005573103c152bc47ca5dc024cb5fd9e4f58e47b4420afa4897cbc4c62b,bad9ba0829a2b7811cc71ace84071f0351fd40d173ec07338f7e554e9a6eda55,68bf1cf078ffb9fcbb7e9279f114b3ed32e9aa88480e63fa3c61a9c139073d3e,3111,2882,long,Danjong of Joseon,existing_audit_anchor,existing_B_candidate_review,category_claim_as_knowledge_bridge,existing_B_candidate_review; existing_issue:category_claim_as_knowledge_bridge; length:long; stage:existing_audit_anchor
25,True,Danjong of Joseon,ko,kowiki,6443,42439321,main,kowiki:6443:42439321:main:byte-0-2821,0,0,2821,8eead3d4eb9ee8763a895c77addf342796f905304779d9ad3f065be916f865a2,28fd4cd7cdb2b8f513919ee1c6aa1c65af011eae6b5c9d430914d27b775c77a2,c449fa9431c1edf749b6866d8849fdf23d714dfc884ddce7c6c9a10c7051c396,2821,1663,long,단종 (조선),existing_audit_anchor,source_first_omission_review,,source_first_omission_review; length:long; stage:existing_audit_anchor
26,True,Danjong of Joseon,ar,arwiki,1282458,74509705,main,arwiki:1282458:74509705:main:byte-14611-17710,5,14611,17710,f70a93db5ae80fd0bc7a8b1401a2bb7aa3fa7daefd731b17c967956da2fb08d5,93770a0651c7752becd33b6afce388f9ebea13e5ff02751ea15fbe2542c97893,b872c635efaae868f455f4938b52c0550db190fcc0ce5a36fbb94c714a5a002e,3099,1858,long,دانجونغ ملك جوسون,existing_audit_anchor,existing_B_candidate_review,lexical_naming_as_bridge,existing_B_candidate_review; existing_issue:lexical_naming_as_bridge; length:long; stage:existing_audit_anchor
27,True,Danjong of Joseon,de,dewiki,7496599,258314603,main,dewiki:7496599:258314603:main:byte-2785-5708,1,2785,5708,eac0435c5f464d9426af2b08268cc28de186e23b9feec7ebaa4795073e2f6974,3ec8eefdb2c90052d3bcbef16039909ce7db7ed4e7c5e356a5967922835aafa1,e57044386f85e4888fa19656efdc9498576a2d6545ea257aa267befc8fe9210d,2923,2792,long,Danjong,existing_audit_anchor,existing_K_candidate_review,historical_event_as_knowledge,existing_K_candidate_review; existing_issue:historical_event_as_knowledge; length:long; stage:existing_audit_anchor
28,False,Danjong of Joseon,bn,bnwiki,1599194,8968976,main,bnwiki:1599194:8968976:main:byte-20233-20406,7,20233,20406,0db3c9312d227c7499cb2f1d95b56eb72b37c2b4ae577ea7527bc144e7613c7e,7730371c82216a141c856b3dceb9233c78965f9f541787ff119b6da8b2688c6d,9f16f7ff3f154b41c3e97c7f5d00260cdd95cb3a4faef115edf429e1e80adc33,173,67,short,জোসনের ডানজং,length_coverage,language_length_coverage,,language_length_coverage; length:short; stage:length_coverage
29,False,Danjong of Joseon,mn,mnwiki,30187,450763,main,mnwiki:30187:450763:main:byte-0-834,0,0,834,2438304d3bb01a3c8cd91e4f66bc4b1ff328f2a412a23b63ac45ec1ba4d5747d,2438304d3bb01a3c8cd91e4f66bc4b1ff328f2a412a23b63ac45ec1ba4d5747d,011c38739c620842a0710614ea52e54bcf39988535e11eea9c938ae1ec0552f1,834,519,middle,Таньжун ван,length_coverage,language_length_coverage,,language_length_coverage; length:middle; stage:length_coverage
30,False,Danjong of Joseon,sv,svwiki,8543911,58690097,main,svwiki:8543911:58690097:main:byte-0-507,0,0,507,f569975b2969c02c4db0f7ffcce079209911b930e8e6594c422a9b493e5488f2,f569975b2969c02c4db0f7ffcce079209911b930e8e6594c422a9b493e5488f2,2d46adb85b70f9be271b726cab5d314d510a6b347ef9916710452efc6922fe15,507,496,short,Danjong av Joseon,length_coverage,language_length_coverage,,language_length_coverage; length:short; stage:length_coverage
31,False,Danjong of Joseon,zh,zhwiki,131988,93973498,main,zhwiki:131988:93973498:main:byte-6033-7509,2,6033,7509,e385b4fdd9cc3256978ad089827e642b55308ad91f01b9afa9cccf6c34c8d6f7,c52121a4e0be2e212b25b82e644d9891765fa4098fa242379ce2de86a3dd611a,54b9ee98dc5cc0c8ffdd822c0993a0a39c10cbce7a29372284510c63d8973816,1476,894,middle,朝鮮端宗,language_coverage,language_length_coverage,,language_length_coverage; length:middle; stage:language_coverage
32,False,Danjong of Joseon,ar,arwiki,1282458,74509705,main,arwiki:1282458:74509705:main:byte-20872-21850,7,20872,21850,682675a4fa9f05f8befeac83bcb08b37bf3c7e264bc25932ea923f723bed2fbd,93770a0651c7752becd33b6afce388f9ebea13e5ff02751ea15fbe2542c97893,b872c635efaae868f455f4938b52c0550db190fcc0ce5a36fbb94c714a5a002e,978,584,middle,دانجونغ ملك جوسون,deterministic_fill,language_length_coverage,,language_length_coverage; length:middle; stage:deterministic_fill
33,False,Danjong of Joseon,es,eswiki,7876277,174507676,main,eswiki:7876277:174507676:main:byte-3013-4206,1,3013,4206,d39c32ec76a2b04448e6c94eb87f141f37063567cd9d8161ae738a3146405b86,88ac9d480da2c26a445baa68e7e22f040433cc94473b2a6bd606d5d30f32c847,d79456fbce9ce20d0feb6b04a2ed955e726174014f53284859197000394a0a27,1193,1063,middle,Danjong de Joseon,language_coverage,language_length_coverage,,language_length_coverage; length:middle; stage:language_coverage
34,False,Danjong of Joseon,es,eswiki,7876277,174507676,main,eswiki:7876277:174507676:main:byte-0-3013,0,0,3013,1298c9f99b05d5e3a07f5074a2c6928d953585c7a377311cd0e9cf1ea62ad3d8,88ac9d480da2c26a445baa68e7e22f040433cc94473b2a6bd606d5d30f32c847,d79456fbce9ce20d0feb6b04a2ed955e726174014f53284859197000394a0a27,3013,2905,long,Danjong de Joseon,deterministic_fill,language_length_coverage,,language_length_coverage; length:long; stage:deterministic_fill
35,False,Danjong of Joseon,ru,ruwiki,6005111,155170612,main,ruwiki:6005111:155170612:main:byte-0-2456,0,0,2456,cd08a6c19f3896968f6215918942cdca90baed7c03d98e6b00bd63a903c30c57,cd08a6c19f3896968f6215918942cdca90baed7c03d98e6b00bd63a903c30c57,decda4fb86bcb7dd5f895615a430e647b92dc12c6fa797d6d16e659742b8089d,2456,1523,long,Танджон (ван Чосона),language_coverage,language_length_coverage,,language_length_coverage; length:long; stage:language_coverage
36,False,Danjong of Joseon,de,dewiki,7496599,258314603,main,dewiki:7496599:258314603:main:byte-8858-9309,3,8858,9309,d5692161c399cae3a6cd1f859cdde84e9a2e7d7bf42105f1001450bf36b985c3,3ec8eefdb2c90052d3bcbef16039909ce7db7ed4e7c5e356a5967922835aafa1,e57044386f85e4888fa19656efdc9498576a2d6545ea257aa267befc8fe9210d,451,450,short,Danjong,deterministic_fill,language_length_coverage,,language_length_coverage; length:short; stage:deterministic_fill
37,False,Danjong of Joseon,ja,jawiki,691529,111146652,main,jawiki:691529:111146652:main:byte-0-2719,0,0,2719,d6e5834908a17a614dfcafb46f51c3da0ffbe7fc021723bca18deefc8ee4dee1,66218aa2d3f1f1c65271ff9c69febf533b85906ef3415d88877c09e378dc30d7,1bd45f1924f52d9c8550b9cb8d01fc08b7289af7d41ea0c9a7875163f1440e15,2719,1315,long,端宗 (朝鮮王),existing_audit_anchor,existing_K_candidate_review,missing_k_content,existing_K_candidate_review; existing_issue:missing_k_content; length:long; stage:existing_audit_anchor
38,False,Danjong of Joseon,en,enwiki,3121209,1376107563,main,enwiki:3121209:1376107563:main:byte-0-3180,0,0,3180,66645c8cb5bbb64acb7d6f80e09e7641173a83a9c12cdcd400ac249ad40b8a69,bad9ba0829a2b7811cc71ace84071f0351fd40d173ec07338f7e554e9a6eda55,68bf1cf078ffb9fcbb7e9279f114b3ed32e9aa88480e63fa3c61a9c139073d3e,3180,3054,long,Danjong of Joseon,existing_audit_anchor,source_first_omission_review,,source_first_omission_review; length:long; stage:existing_audit_anchor
39,False,Danjong of Joseon,ko,kowiki,6443,42439321,main,kowiki:6443:42439321:main:byte-19709-22599,7,19709,22599,d19d2c17c845e097227ed2f50eb849d811f85c47ccdf086e3732409cbb25aa62,28fd4cd7cdb2b8f513919ee1c6aa1c65af011eae6b5c9d430914d27b775c77a2,c449fa9431c1edf749b6866d8849fdf23d714dfc884ddce7c6c9a10c7051c396,2890,1656,long,단종 (조선),existing_audit_anchor,existing_B_candidate_review,"missing_k_link,thin_work_content","existing_B_candidate_review; existing_issue:missing_k_link,thin_work_content; length:long; stage:existing_audit_anchor"
40,False,Danjong of Joseon,ja,jawiki,691529,111146652,main,jawiki:691529:111146652:main:byte-9031-9385,3,9031,9385,ef9e0d7362a6f1dc8c88ddfdbc0c3543da779135a90c7977f0a88748c0169a00,66218aa2d3f1f1c65271ff9c69febf533b85906ef3415d88877c09e378dc30d7,1bd45f1924f52d9c8550b9cb8d01fc08b7289af7d41ea0c9a7875163f1440e15,354,230,short,端宗 (朝鮮王),deterministic_fill,language_length_coverage,,language_length_coverage; length:short; stage:deterministic_fill
41,True,Sejo of Joseon,ja,jawiki,329104,108267088,main,jawiki:329104:108267088:main:byte-3091-6174,1,3091,6174,83e16a384d685b7959e0c0a4f85a841ec3ef64e45107bc23344ed4e7ec0c9ed3,aecfcb9c4ccb9377df42d8705b20ea52d0d156c95b7036f8ab28065f445f3e49,05bef02741cd66d4e5b5c21670779ec2eede0721da6ae26b008b61be36e0e2d9,3083,1429,long,世祖 (朝鮮王),existing_audit_anchor,existing_K_candidate_review,,existing_K_candidate_review; length:long; stage:existing_audit_anchor
42,True,Sejo of Joseon,en,enwiki,3131532,1375443932,main,enwiki:3131532:1375443932:main:byte-8836-11599,3,8836,11599,ee6a35ba5b7ff8b3a7ef92b721722e83834de48b1839e0d1ab53b970ebc1c500,5dbf9feeec67e86b1bae68c593520b776eecc06c0befe3e28f1f2142a0889c5b,786d0b40d5439ab9a78e8e303260eeed760a4ab3bd080af313dfce95091d6da9,2763,2701,long,Sejo of Joseon,existing_audit_anchor,existing_B_candidate_review,retrospective_assessment_as_k_content,existing_B_candidate_review; existing_issue:retrospective_assessment_as_k_content; length:long; stage:existing_audit_anchor
43,True,Sejo of Joseon,ko,kowiki,11020,42318791,main,kowiki:11020:42318791:main:byte-6084-9205,2,6084,9205,273130a611a68c3a5542877e97a7138a8ab94208fe8d131e61718df0ecfb2a3c,a409d67d78c46041dcf2f7974ea46039cfa2681afbc9563a05297e3e27d058db,bdfa49bc406754b86c6a378121649b0e59c5ea4523c810660444b687338cf21c,3121,1437,long,세조 (조선),existing_audit_anchor,existing_K_candidate_review,invented_knowledge_type,existing_K_candidate_review; existing_issue:invented_knowledge_type; length:long; stage:existing_audit_anchor
44,True,Sejo of Joseon,ko,kowiki,11020,42318791,main,kowiki:11020:42318791:main:byte-73490-76688,26,73490,76688,584d4645ccf77ab97580ecbf76e1a3e1d7fa985052fa6249c31506c709f3ad1b,a409d67d78c46041dcf2f7974ea46039cfa2681afbc9563a05297e3e27d058db,bdfa49bc406754b86c6a378121649b0e59c5ea4523c810660444b687338cf21c,3198,1778,long,세조 (조선),existing_audit_anchor,candidate_cap_failure_review,,candidate_cap_failure_review; length:long; stage:existing_audit_anchor
45,True,Sejo of Joseon,ko,kowiki,11020,42318791,main,kowiki:11020:42318791:main:byte-76688-79877,27,76688,79877,2f59c0f406d5f7198e8e09a859f760ff82dde95fa677d04528a4b56fec3cb186,a409d67d78c46041dcf2f7974ea46039cfa2681afbc9563a05297e3e27d058db,bdfa49bc406754b86c6a378121649b0e59c5ea4523c810660444b687338cf21c,3189,1821,long,세조 (조선),existing_audit_anchor,existing_B_candidate_review,"missing_k_link,thin_work_content","existing_B_candidate_review; existing_issue:missing_k_link,thin_work_content; length:long; stage:existing_audit_anchor"
46,True,Sejo of Joseon,de,dewiki,6920795,269167542,main,dewiki:6920795:269167542:main:byte-2951-5779,1,2951,5779,cbb15bfff5bb4b7815307d65c0119ed18b16aa6c750f04d00d884f95e2e20fdd,0cb5eca0f9b7edf9fd9d2fe39d22355f9106ed6b38ac05b4f267f4f0129f36b9,bf2777cdb58cca8eb65541cd52e73555455e5ec7748b9bfb6f954879c2ed3f11,2828,2720,long,Sejo,existing_audit_anchor,existing_H_candidate_review,actor_affected_role_loss,existing_H_candidate_review; existing_issue:actor_affected_role_loss; length:long; stage:existing_audit_anchor
47,True,Sejo of Joseon,ko,kowiki,11020,42318791,main,kowiki:11020:42318791:main:byte-0-3047,0,0,3047,ef5caf070545e54620241a06e18932100ae6aefc29f671725ffb986dfcdf33ec,a409d67d78c46041dcf2f7974ea46039cfa2681afbc9563a05297e3e27d058db,bdfa49bc406754b86c6a378121649b0e59c5ea4523c810660444b687338cf21c,3047,1722,long,세조 (조선),existing_audit_anchor,source_first_omission_review,,source_first_omission_review; length:long; stage:existing_audit_anchor
48,False,Sejo of Joseon,sv,svwiki,8543913,58690096,main,svwiki:8543913:58690096:main:byte-0-498,0,0,498,5f74cecd1cc31d1b4c96acee5c957b9e3f109fb8d6426592951859588873db60,5f74cecd1cc31d1b4c96acee5c957b9e3f109fb8d6426592951859588873db60,4bb8588210ba19c6b91779c9c4dd53b2b1acca086576572ec4ea35abe9b13861,498,487,short,Sejo av Joseon,length_coverage,language_length_coverage,,language_length_coverage; length:short; stage:length_coverage
49,False,Sejo of Joseon,pt,ptwiki,3773768,70898650,main,ptwiki:3773768:70898650:main:byte-0-906,0,0,906,3cef73cf115c0e56ef2ff68634291d71f8ff870e15281c5ee7254eb54b848090,3cef73cf115c0e56ef2ff68634291d71f8ff870e15281c5ee7254eb54b848090,0240838efe6682dea9020fe26f69f1e89f9be7c5ad4722a231e779649085e96d,906,871,middle,Sejo de Joseon,length_coverage,language_length_coverage,,language_length_coverage; length:middle; stage:length_coverage
50,False,Sejo of Joseon,ru,ruwiki,6005125,155170790,main,ruwiki:6005125:155170790:main:byte-5530-7342,2,5530,7342,21c1ecdec96bfe06ea8bc823e0e2818ec1f232985451a5b0caa1267695fd5966,384dca7c6fe462625de9fdcf7b6378ebb2d4015546cfb96aa2c308731fd5a208,9a6e111dca15fe45d62d1a66b77eb4840873282d9963dde6fc366eb10f13ed8a,1812,1173,middle,Седжо (ван Чосона),language_coverage,language_length_coverage,,language_length_coverage; length:middle; stage:language_coverage
51,False,Sejo of Joseon,gan,ganwiki,20082,382844,main,ganwiki:20082:382844:main:byte-0-337,0,0,337,7cdb21e8f0ed7a0862bac0eb87ea4176409f38b65591f1f275117af008a16445,7cdb21e8f0ed7a0862bac0eb87ea4176409f38b65591f1f275117af008a16445,8079df637709d7980a528eefe203c660bc3e2ab88c593b06c4937ea2bcf1ff12,337,179,short,李瑈,length_coverage,language_length_coverage,,language_length_coverage; length:short; stage:length_coverage
52,False,Sejo of Joseon,ar,arwiki,1307356,70708145,main,arwiki:1307356:70708145:main:byte-0-2321,0,0,2321,7455b44a7019c5730df33b54ba1584184ec1b56866e640e2cc315a825551e2bd,5d9c9b474c09249a91b645d0ffb22acd3bcc473a6ddc09adbb0c9fc573102131,54afa533499a06c7c6b5e7cd2e8d9dd8b85180b35b67d31794af0f88a0947dc5,2321,1597,middle,سيجو ملك جوسون,deterministic_fill,language_length_coverage,,language_length_coverage; length:middle; stage:deterministic_fill
53,False,Sejo of Joseon,ko,kowiki,11020,42318791,main,kowiki:11020:42318791:main:byte-36847-39689,13,36847,39689,1087b407d41fcf9429088d617394d10f60ec2e8d29c20eb427ad01bc0fd74120,a409d67d78c46041dcf2f7974ea46039cfa2681afbc9563a05297e3e27d058db,bdfa49bc406754b86c6a378121649b0e59c5ea4523c810660444b687338cf21c,2842,1347,long,세조 (조선),existing_audit_anchor,existing_H_candidate_review,,existing_H_candidate_review; length:long; stage:existing_audit_anchor
54,False,Sejo of Joseon,ja,jawiki,329104,108267088,main,jawiki:329104:108267088:main:byte-9352-9548,3,9352,9548,a96f7035ea4aff67f5382c92838dc808c10c405893b2f2f1f6369390a5a6bc8f,aecfcb9c4ccb9377df42d8705b20ea52d0d156c95b7036f8ab28065f445f3e49,05bef02741cd66d4e5b5c21670779ec2eede0721da6ae26b008b61be36e0e2d9,196,130,short,世祖 (朝鮮王),deterministic_fill,language_length_coverage,,language_length_coverage; length:short; stage:deterministic_fill
55,False,Sejo of Joseon,en,enwiki,3131532,1375443932,main,enwiki:3131532:1375443932:main:byte-6321-8836,2,6321,8836,0a9c18f132e7ca05c6baacb6e5088b8e8229459870317e4aff5c9b35d6d6d54b,5dbf9feeec67e86b1bae68c593520b776eecc06c0befe3e28f1f2142a0889c5b,786d0b40d5439ab9a78e8e303260eeed760a4ab3bd080af313dfce95091d6da9,2515,2480,long,Sejo of Joseon,existing_audit_anchor,source_first_omission_review,,source_first_omission_review; length:long; stage:existing_audit_anchor
56,False,Sejo of Joseon,fr,frwiki,6575514,210705125,main,frwiki:6575514:210705125:main:byte-0-3111,0,0,3111,1db56b4b9988aad3762bca3b09679f920a92dd3deee41ac75fa3b7e0a2bebc33,1db56b4b9988aad3762bca3b09679f920a92dd3deee41ac75fa3b7e0a2bebc33,5f177e76dd653e7932c1b7928837c12bbbe7df7fa216619a51451c4d54766fe2,3111,2937,long,Sejo,existing_audit_anchor,existing_K_candidate_review,thin_work_content,existing_K_candidate_review; existing_issue:thin_work_content; length:long; stage:existing_audit_anchor
57,False,Sejo of Joseon,en,enwiki,3131532,1375443932,main,enwiki:3131532:1375443932:main:byte-11599-14701,4,11599,14701,88629ca7ef29533b38c887ad0b53ba89994ff07a735c6f260addf79494331701,5dbf9feeec67e86b1bae68c593520b776eecc06c0befe3e28f1f2142a0889c5b,786d0b40d5439ab9a78e8e303260eeed760a4ab3bd080af313dfce95091d6da9,3102,2872,long,Sejo of Joseon,existing_audit_anchor,existing_H_candidate_review,,existing_H_candidate_review; length:long; stage:existing_audit_anchor
58,False,Sejo of Joseon,es,eswiki,11053686,170928869,main,eswiki:11053686:170928869:main:byte-15671-17143,6,15671,17143,d4545afa1ff1569540a73441b846b6278ba2d65e5ac5de520621f784364ae039,20cd7791a1ad7588e8026679f678bf4394fcef465ae2b6aa5a2ee71c836f6df4,d90b57b774800f129b427a6cb64680d7dfb223ad5ccf41ef2a750ffe4e58186e,1472,1454,middle,Sejo de Joseon,language_coverage,language_length_coverage,,language_length_coverage; length:middle; stage:language_coverage
59,False,Sejo of Joseon,ar,arwiki,1307356,70708145,main,arwiki:1307356:70708145:main:byte-2321-5518,1,2321,5518,f4c69867905a3a914b1a46c294203e4e6245c2347fcd61143038c2ea72497593,5d9c9b474c09249a91b645d0ffb22acd3bcc473a6ddc09adbb0c9fc573102131,54afa533499a06c7c6b5e7cd2e8d9dd8b85180b35b67d31794af0f88a0947dc5,3197,1804,long,سيجو ملك جوسون,existing_audit_anchor,existing_B_candidate_review,"missing_k_link,missing_k_object","existing_B_candidate_review; existing_issue:missing_k_link,missing_k_object; length:long; stage:existing_audit_anchor"
60,False,Sejo of Joseon,zh,zhwiki,131990,93973478,main,zhwiki:131990:93973478:main:byte-0-2140,0,0,2140,c3784717acfef025ee5f05cce18abfb83d122980c93cc26cc1ba13e9164da22d,2e2efa13e514819cd2667e506dcb6d30ab914aeafa6f60922b87d1ef6d057160,158f38e0f57011190d5c6500a4acbbcd02906216a177a8270c79be55dd8da433,2140,1234,middle,朝鮮世祖,language_coverage,language_length_coverage,,language_length_coverage; length:middle; stage:language_coverage
61,True,Hangul,en,enwiki,42538288,1376959579,main,enwiki:42538288:1376959579:main:byte-48464-50968,18,48464,50968,c064f1561eacbf94f3ce517677c22ae28ef7bcfd2a06e5f6257ed6e2ac57fc48,b851087e32b2b6679eacb89392d636c46be203868c55a483ba01789615b5341c,b7b3b45ef31da630d8b2003040e40165e3ee88dc450a7054c023a4268ce7de25,2504,2447,long,Hangul,existing_audit_anchor,candidate_cap_failure_review,,candidate_cap_failure_review; length:long; stage:existing_audit_anchor
62,True,Hangul,ar,arwiki,651158,72732940,main,arwiki:651158:72732940:main:byte-30069-32726,10,30069,32726,3abef9f927e0666a4e1970c58407edcce219083522199d1f70d08080779ea4ba,219b60c7c7084a0c8ec915438431decf03615fe9d8e5a73b287de025989feb2d,4920c667c10e53fd3d2f53956ca8e90fedfe468a5644e6f91fdc695576c16986,2657,1827,long,هانغل,existing_audit_anchor,existing_B_candidate_review,historical_naming_as_about_relation,existing_B_candidate_review; existing_issue:historical_naming_as_about_relation; length:long; stage:existing_audit_anchor
63,True,Hangul,an,anwiki,45730,2472664,main,anwiki:45730:2472664:main:byte-6350-9527,2,6350,9527,07021b8bbdbe372f72ee765a85d4f8a4e6a013c535f753f25efbcc2cdce7abd5,6c5eb7f7f98bf00db1e775be2d60e74ea43fc1c3f2957b16438361a62c9fcdd1,79198a3517b4bbace604f3d7adb96cceb9bf044722ce0469cf6af6c017d1c888,3177,3071,long,Hangul,zero_response_boundary,zero_response_boundary_review,,zero_response_boundary_review; length:long; stage:zero_response_boundary
64,True,Hangul,ko,kowiki,487516,42460039,main,kowiki:487516:42460039:main:byte-0-1963,0,0,1963,ab253b48dc2b1bff67482030b4cb0015801076b20ad442b2ef433cd5c11f50fa,af610f55cb8ff514bdc329d72b1fbb5fd8876bfa955b229bca15acf039d36ca8,4272970d1cb7c8fe1214e7ce8df7bfb4fa27a156db1990286e8f70348f9d9fab,1963,1104,middle,한글,existing_audit_anchor,source_first_omission_review,,source_first_omission_review; length:middle; stage:existing_audit_anchor
65,True,Hangul,ko,kowiki,487516,42460039,main,kowiki:487516:42460039:main:byte-62854-65572,25,62854,65572,5da5d56a8742d3d84ab680e15e9fdd37af4199efbfabafb940a4ebbd38fc11f5,af610f55cb8ff514bdc329d72b1fbb5fd8876bfa955b229bca15acf039d36ca8,4272970d1cb7c8fe1214e7ce8df7bfb4fa27a156db1990286e8f70348f9d9fab,2718,2018,long,한글,existing_audit_anchor,existing_H_candidate_review,out_of_scope_post_1950,existing_H_candidate_review; existing_issue:out_of_scope_post_1950; length:long; stage:existing_audit_anchor
66,True,Hangul,de,dewiki,100155,270289191,main,dewiki:100155:270289191:main:byte-27682-30860,9,27682,30860,92b741d6a60dfdcb99b927e66ae0f51efca8cbb7e0a0d56195b5e43a39e9cfcc,ad30379c1e9bf823ad1f61df4a66c380b1ff01ad1700ddbfc2b6aa13a946d6f0,88867c86485538901af6583f6dcae7fab649079d4728545cb3aa60becba7c332,3178,3014,long,Koreanisches Alphabet,existing_audit_anchor,existing_K_candidate_review,missing_k_content,existing_K_candidate_review; existing_issue:missing_k_content; length:long; stage:existing_audit_anchor
67,False,Hangul,vi,viwiki,19204,75280233,main,viwiki:19204:75280233:main:byte-8854-10481,3,8854,10481,e4c9bff17e61a69ff3458e62b09dbff4bfc5bd3c1e25f591d3ae09bbddbc169e,382a3f8e664c3919ae21a66befe3b987e5dbddea3e0feb40049b45535d6bbbcf,3d2fe15cbf26621c15e7c9abef3113a6eede44a77b2f34d72529fb00f99b3461,1627,1278,middle,Hangul,length_coverage,language_length_coverage,,language_length_coverage; length:middle; stage:length_coverage
68,False,Hangul,as,aswiki,109725,597090,main,aswiki:109725:597090:main:byte-0-1646,0,0,1646,7a663567a937a6cab0b00726dcb468e3577d479873dd2f6b78bf4872add4adbf,7a663567a937a6cab0b00726dcb468e3577d479873dd2f6b78bf4872add4adbf,1bbee6317dad02cfbdb2c8f85757e7f5e6cd3a7fd1c7460439e915fc2ad3d6c6,1646,930,middle,হানগুল লিপি,length_coverage,language_length_coverage,,language_length_coverage; length:middle; stage:length_coverage
69,False,Hangul,pt,ptwiki,167361,72094726,main,ptwiki:167361:72094726:main:byte-12051-15251,4,12051,15251,b987cb96e3deaf6f8b33660dca3f368f8f1a5c7f77fc062edc20a2cac2f7e819,7d3f7870e845b994df03382b56de3f0ca6f6958a5d5e802d846420626a4577d8,de5c244ae67dcd97969f61743a6b2edb5b18a99b62c56fdd57b04efc6bee7482,3200,3063,long,Hangul,existing_audit_anchor,candidate_cap_failure_review,,candidate_cap_failure_review; length:long; stage:existing_audit_anchor
70,False,Hangul,ar,arwiki,651158,72732940,main,arwiki:651158:72732940:main:byte-56274-56356,19,56274,56356,5e14ab725db4fbfbe244d53e8d5ced5a4bc0d3052ab46021143f61f4359306ba,219b60c7c7084a0c8ec915438431decf03615fe9d8e5a73b287de025989feb2d,4920c667c10e53fd3d2f53956ca8e90fedfe468a5644e6f91fdc695576c16986,82,48,short,هانغل,deterministic_fill,zero_response_boundary_review,,zero_response_boundary_review; length:short; stage:deterministic_fill
71,False,Hangul,fr,frwiki,1423,238918494,main,frwiki:1423:238918494:main:byte-19504-22637,7,19504,22637,9d5fee6172708f1380016ea6d1d1e3b14a1d1e54adf141d3b61bb51cc0694e91,dca04451c3e7adbb0d2ba0adb6b7947cbfe96e872e74692883f82c197417c6fb,618a5e64bcef282e013b066160eee9e79b285e90778e88927d73f6d4cc3456c7,3133,2937,long,Hangeul,existing_audit_anchor,existing_K_candidate_review,,existing_K_candidate_review; length:long; stage:existing_audit_anchor
72,False,Hangul,es,eswiki,27398,175508963,main,eswiki:27398:175508963:main:byte-14010-17054,5,14010,17054,77c61df268861efd87bb29b6b23cadb199652d6134505fbbdc79ce2a44ddb2a7,70d3cec29ec7b2293e3258439d8b3faaabe1148df109a55d868e24d7dd67e735,44b6411784dff5c67a23529f60b3a559038cd954bbe6fe64d2d5bf15132948fb,3044,2892,long,Hangul,existing_audit_anchor,existing_B_candidate_review,"missing_k_content,wrong_bridge_relation_and_missing_object","existing_B_candidate_review; existing_issue:missing_k_content,wrong_bridge_relation_and_missing_object; length:long; stage:existing_audit_anchor"
73,False,Hangul,zh,zhwiki,329646,94294324,main,zhwiki:329646:94294324:main:byte-131149-131555,42,131149,131555,f4216ec4474091a7c13b8798ebd43957da106f26412331d3e2c21c9d822aa6bc,a54fcb20992bee31fcfc158fe9d43b550be784b4f7df5af857b33b837f2b8634,688438cf474822106f55ca36758a282e4714a32c5b66a82560d3bd7ea1323b56,406,366,short,諺文,language_coverage,language_length_coverage,,language_length_coverage; length:short; stage:language_coverage
74,False,Hangul,en,enwiki,42538288,1376959579,main,enwiki:42538288:1376959579:main:byte-2773-5706,1,2773,5706,847f938ac182a2cefefeb8960930712089183bdf441e729d0beb152e14a05ef7,b851087e32b2b6679eacb89392d636c46be203868c55a483ba01789615b5341c,b7b3b45ef31da630d8b2003040e40165e3ee88dc450a7054c023a4268ce7de25,2933,2933,long,Hangul,existing_audit_anchor,source_first_omission_review,,source_first_omission_review; length:long; stage:existing_audit_anchor
75,False,Hangul,ja,jawiki,12384,111122523,main,jawiki:12384:111122523:main:byte-49191-51549,17,49191,51549,b58b3045799c31f1a9316bbfc90a85ab03418b2fb537c2b4db87a9bb71173b71,ec3a5be46586374c239c6c40d108c3a2ff35c46fd8e7b62d6385a883c1cf81eb,216799e34132005959d5991f581e14f7868817b8f9d56dfccbb82de0a379d0f4,2358,884,middle,ハングル,existing_audit_anchor,existing_K_candidate_review,,existing_K_candidate_review; length:middle; stage:existing_audit_anchor
76,False,Hangul,ru,ruwiki,17367,155221908,main,ruwiki:17367:155221908:main:byte-16556-19122,6,16556,19122,832375b58ac2700f7a0e25f0e705b2ca816546f9a7b95a4e2ddaedf61ea9b81e,fe55cfa8e455ec6915ec0d5c2c8be14b1a9312bb381b03900391c9c15d6e2546,7db212fe6ed5e758de460e97395437ee08a447ef096f850725e80a1336ed40b5,2566,1567,long,Хангыль,existing_audit_anchor,existing_B_candidate_review,etymology_as_bridge,existing_B_candidate_review; existing_issue:etymology_as_bridge; length:long; stage:existing_audit_anchor
77,False,Hangul,en,enwiki,42538288,1376959579,main,enwiki:42538288:1376959579:main:byte-22200-25229,8,22200,25229,d3d02a5adfe1113611536049ba40fb4681d2411993b6c29781a74245469e835d,b851087e32b2b6679eacb89392d636c46be203868c55a483ba01789615b5341c,b7b3b45ef31da630d8b2003040e40165e3ee88dc450a7054c023a4268ce7de25,3029,2918,long,Hangul,existing_audit_anchor,existing_H_candidate_review,,existing_H_candidate_review; length:long; stage:existing_audit_anchor
78,False,Hangul,ro,rowiki,181736,17732731,main,rowiki:181736:17732731:main:byte-49139-51960,18,49139,51960,2b052d6e761424223134619198d794d60cf1d2883a01772d52fde592da4e6c66,a184f9bb236555a732a21b5b935757517fc01d0cb6a94e1dd9e04ddbb179cf72,165573b1eb57579ec59928f2ffafee18c8668e9646623fba018f4ea4e8142910,2821,2590,long,Hangul,existing_audit_anchor,candidate_cap_failure_review,,candidate_cap_failure_review; length:long; stage:existing_audit_anchor
79,False,Hangul,ru,ruwiki,17367,155221908,main,ruwiki:17367:155221908:main:byte-62946-66104,23,62946,66104,c6f80a7910e66690eb9f9f60a4bbe2dca91b249abbb9e03136c72126502237e9,fe55cfa8e455ec6915ec0d5c2c8be14b1a9312bb381b03900391c9c15d6e2546,7db212fe6ed5e758de460e97395437ee08a447ef096f850725e80a1336ed40b5,3158,1919,long,Хангыль,existing_audit_anchor,existing_H_candidate_review,wrong_time_attachment,existing_H_candidate_review; existing_issue:wrong_time_attachment; length:long; stage:existing_audit_anchor
80,False,Hangul,am,amwiki,48740,392136,main,amwiki:48740:392136:main:byte-3200-3229,1,3200,3229,283a958f98296911f737eb7696b5291c250482e9f18fd5d3766c785681c9eccd,4d3609b15c6355a73040f546a5533d70dd012b378c6bdd9be184dfa680bbef0e,58eda00aa7c20837b9c94e3754ea1f83f8568c3c67b15e51f8d65398cd59f10a,29,13,short,ሃንጉል,zero_response_boundary,zero_response_boundary_review,,zero_response_boundary_review; length:short; stage:zero_response_boundary
81,True,Bloomery,ar,arwiki,3856232,70729061,main,arwiki:3856232:70729061:main:byte-0-2340,0,0,2340,1be6acd822a55175b47e9bf7a000fd8f75bd9e1c394b125c6825971af6de417e,1be6acd822a55175b47e9bf7a000fd8f75bd9e1c394b125c6825971af6de417e,6c166a79fad8b018c9ea678f898604cf2ff00bb91283166a3d1aa21c58874a5d,2340,1546,middle,فرن الحديد الخالص,existing_audit_anchor,existing_B_candidate_review,"material_transformation_as_knowledge_bridge,wrong_knowledge_relation","existing_B_candidate_review; existing_issue:material_transformation_as_knowledge_bridge,wrong_knowledge_relation; length:middle; stage:existing_audit_anchor"
82,True,Bloomery,en,enwiki,1473011,1374511063,main,enwiki:1473011:1374511063:main:byte-2654-5760,1,2654,5760,c55403c43d049b4c39219346cbc9c87c2f1be0c5b8db040cc6f811123276da35,b7fd38511210ac328573952f0adbf76e6032b90ad056e78ec471b137bec27d63,75c76c9b914ef1d5aea33109562e7a95b9bbff92f8527d0779c095dc0f9bb8eb,3106,3104,long,Bloomery,existing_audit_anchor,source_first_omission_review,,source_first_omission_review; length:long; stage:existing_audit_anchor
83,True,Bloomery,de,dewiki,276815,262661590,main,dewiki:276815:262661590:main:byte-5543-8730,2,5543,8730,3c44623bbc982e72a7d7de6b12138a267cf4a0828b52371d72430a7aaf0d13ad,60552c6da503ad9c63e4b2156996a9d394dee88d6b4951546918b3b4e3fa811e,84f7ebad99b9a0f3dcc2b172b431675a51ae7a3a2dada834bd771b9e615257e8,3187,3133,long,Rennofen,existing_audit_anchor,"existing_B_candidate_review,existing_K_candidate_review","missing_actor_place_and_k_link,missing_k_object","existing_B_candidate_review; existing_K_candidate_review; existing_issue:missing_actor_place_and_k_link,missing_k_object; length:long; stage:existing_audit_anchor"
84,True,Bloomery,fr,frwiki,136076,238757228,main,frwiki:136076:238757228:main:byte-19316-22284,7,19316,22284,5c8b2dde374e9b07fd1b36bf850d48b192a67b7f3e9ffbc8bdc5d299cc50f2d7,8215673caeb2f4235a45fcca90c6264d1888065649ac3eed82e80029ecc4bd2e,67a1150ffd290776a18655c562bdbd23723fc650ebde2c0187113afb27980ce5,2968,2904,long,Bas fourneau,existing_audit_anchor,existing_K_candidate_review,,existing_K_candidate_review; length:long; stage:existing_audit_anchor
85,True,Bloomery,fr,frwiki,136076,238757228,main,frwiki:136076:238757228:main:byte-3199-5738,1,3199,5738,daf51b528107763831b18328601c2b769429afd3e7c83b636d4f14c987b0672a,8215673caeb2f4235a45fcca90c6264d1888065649ac3eed82e80029ecc4bd2e,67a1150ffd290776a18655c562bdbd23723fc650ebde2c0187113afb27980ce5,2539,2427,long,Bas fourneau,existing_audit_anchor,existing_B_candidate_review,general_process_as_historical_bridge,existing_B_candidate_review; existing_issue:general_process_as_historical_bridge; length:long; stage:existing_audit_anchor
86,True,Bloomery,en,enwiki,1473011,1374511063,main,enwiki:1473011:1374511063:main:byte-25575-28650,9,25575,28650,88f01b2d34dcd4624626dc90402b47153b7f36da221c2d9c0b74c341d70fee03,b7fd38511210ac328573952f0adbf76e6032b90ad056e78ec471b137bec27d63,75c76c9b914ef1d5aea33109562e7a95b9bbff92f8527d0779c095dc0f9bb8eb,3075,3073,long,Bloomery,existing_audit_anchor,"existing_H_candidate_review,existing_K_candidate_review","malformed_event_roles,thin_knowledge_content","existing_H_candidate_review; existing_K_candidate_review; existing_issue:malformed_event_roles,thin_knowledge_content; length:long; stage:existing_audit_anchor"
87,False,Bloomery,fr,frwiki,136076,238757228,main,frwiki:136076:238757228:main:byte-5738-7488,2,5738,7488,a0ecbd2240177215396458ff4a362d0e25b457a4bfa030e65a42059df9a7d21d,8215673caeb2f4235a45fcca90c6264d1888065649ac3eed82e80029ecc4bd2e,67a1150ffd290776a18655c562bdbd23723fc650ebde2c0187113afb27980ce5,1750,1689,middle,Bas fourneau,deterministic_fill,language_length_coverage,,language_length_coverage; length:middle; stage:deterministic_fill
88,False,Bloomery,es,eswiki,4595783,164017997,main,eswiki:4595783:164017997:main:byte-0-2053,0,0,2053,dec00a81dd399f88017c35e0ea6c87791849844c20464f956ea7865ad0658ba7,0ded50b6cbd76581785d749ced27afac9d3bcb57286e9249f8b02245f0630140,0804ad222150a885e4a03a8c932d6d64e3e06949297a2745970f949d9963ed82,2053,2021,middle,Horno bajo,deterministic_fill,language_length_coverage,,language_length_coverage; length:middle; stage:deterministic_fill
89,False,Bloomery,ru,ruwiki,4325701,148772646,main,ruwiki:4325701:148772646:main:byte-5174-8287,2,5174,8287,0cd5cc335dc90cfc5d4098680fbd2b6d1b355a4d87dddd813a75b7a1f8968370,901c507e5f5eb540a0142b45451b2d1d44888e3c7bfa18460c2e57a8cc6e5b6a,2bfb60d2a9507df890b4e4b070be20bf6594fa722c7776929084deea43afa5c0,3113,1737,long,Сыродутная печь,deterministic_fill,language_length_coverage,,language_length_coverage; length:long; stage:deterministic_fill
90,False,Bloomery,de,dewiki,276815,262661590,main,dewiki:276815:262661590:main:byte-8730-8802,3,8730,8802,b8a30f9a115b1fe85504a7b9b008df338eab4d4626c4ceabdf98d2e304dc3759,60552c6da503ad9c63e4b2156996a9d394dee88d6b4951546918b3b4e3fa811e,84f7ebad99b9a0f3dcc2b172b431675a51ae7a3a2dada834bd771b9e615257e8,72,72,short,Rennofen,deterministic_fill,language_length_coverage,,language_length_coverage; length:short; stage:deterministic_fill
91,False,Bloomery,uk,ukwiki,1002231,41089544,main,ukwiki:1002231:41089544:main:byte-5925-8132,2,5925,8132,0be3255570f9f060c551fbc8ae610d6b8752c226fb524663b162437e2596db9e,cf967962e870f5452cf4e62d039405287fc19ed231b57236959c91fb472a05a8,f06d748bb90f39a91ba111a509b0cbe5c9b1f0539b30146dba7616e91d5405b7,2207,1386,middle,Сиродутне горно,length_coverage,language_length_coverage,,language_length_coverage; length:middle; stage:length_coverage
92,False,Bloomery,yue,zh_yuewiki,332550,2081685,main,zh_yuewiki:332550:2081685:main:byte-0-288,0,0,288,b6f76a2105d0f4c9b151f316bb2cac57986ca1c121e8fe85ccd730f70ae58322,b6f76a2105d0f4c9b151f316bb2cac57986ca1c121e8fe85ccd730f70ae58322,ddb1facfbb38b9b463080e649282c9adb53f9ee230f1552a547de9ff77ce57a2,288,144,short,鍛鐵爐,length_coverage,language_length_coverage,,language_length_coverage; length:short; stage:length_coverage
93,False,Bloomery,en,enwiki,1473011,1374511063,main,enwiki:1473011:1374511063:main:byte-5760-8116,2,5760,8116,e5dc1963915dc1daaf9401e6b760d2ae2edc3b8f4faeb3694cf962688b0176e9,b7fd38511210ac328573952f0adbf76e6032b90ad056e78ec471b137bec27d63,75c76c9b914ef1d5aea33109562e7a95b9bbff92f8527d0779c095dc0f9bb8eb,2356,2356,middle,Bloomery,deterministic_fill,language_length_coverage,,language_length_coverage; length:middle; stage:deterministic_fill
94,False,Bloomery,pt,ptwiki,5788168,71625504,main,ptwiki:5788168:71625504:main:byte-3192-3241,1,3192,3241,322538c79228bbb85237c4ceb59d758c49b67c5d659c9f5699a30bc4e768ab7d,7d1cb24ef9cd7f04cdbd9dc5bb4581a84b7e728d66a78bb1f6ac37524c5d3ab0,7176a81070a540d8a66ec76201522a68cf7bdaca18b8ec056f2f8b905ed4d138,49,48,short,Forja catalã,length_coverage,language_length_coverage,,language_length_coverage; length:short; stage:length_coverage
95,False,Bloomery,de,dewiki,276815,262661590,main,dewiki:276815:262661590:main:byte-0-2422,0,0,2422,2e839915389e5869aaa48a4aa4548be1ae429bb288f35a337547a622e62c0ea3,60552c6da503ad9c63e4b2156996a9d394dee88d6b4951546918b3b4e3fa811e,84f7ebad99b9a0f3dcc2b172b431675a51ae7a3a2dada834bd771b9e615257e8,2422,2382,long,Rennofen,deterministic_fill,language_length_coverage,,language_length_coverage; length:long; stage:deterministic_fill
96,False,Bloomery,es,eswiki,4595783,164017997,main,eswiki:4595783:164017997:main:byte-5242-8389,2,5242,8389,6b09aec75f832fee19368cd5f320bb440f6e813285d6c5c2e9592226112b9bda,0ded50b6cbd76581785d749ced27afac9d3bcb57286e9249f8b02245f0630140,0804ad222150a885e4a03a8c932d6d64e3e06949297a2745970f949d9963ed82,3147,3076,long,Horno bajo,deterministic_fill,language_length_coverage,,language_length_coverage; length:long; stage:deterministic_fill
97,False,Bloomery,ru,ruwiki,4325701,148772646,main,ruwiki:4325701:148772646:main:byte-11485-13677,4,11485,13677,5cc83b03667129baca86d68de8079d5d5c188b2d85faf48dd3345b7e3b8807bd,901c507e5f5eb540a0142b45451b2d1d44888e3c7bfa18460c2e57a8cc6e5b6a,2bfb60d2a9507df890b4e4b070be20bf6594fa722c7776929084deea43afa5c0,2192,1208,middle,Сыродутная печь,language_coverage,language_length_coverage,,language_length_coverage; length:middle; stage:language_coverage
98,False,Bloomery,ru,ruwiki,4325701,148772646,main,ruwiki:4325701:148772646:main:byte-19326-19950,7,19326,19950,ede9564ca0b96492331cf7eb7207746e3d694f45f187895bccc3ce7f5c6eabfd,901c507e5f5eb540a0142b45451b2d1d44888e3c7bfa18460c2e57a8cc6e5b6a,2bfb60d2a9507df890b4e4b070be20bf6594fa722c7776929084deea43afa5c0,624,366,short,Сыродутная печь,deterministic_fill,language_length_coverage,,language_length_coverage; length:short; stage:deterministic_fill
99,False,Bloomery,fr,frwiki,136076,238757228,main,frwiki:136076:238757228:main:byte-16179-19316,6,16179,19316,794b130aaf19bd2839306c9cf7478291829f12b6c714710050555961183bd8ba,8215673caeb2f4235a45fcca90c6264d1888065649ac3eed82e80029ecc4bd2e,67a1150ffd290776a18655c562bdbd23723fc650ebde2c0187113afb27980ce5,3137,3082,long,Bas fourneau,existing_audit_anchor,existing_H_candidate_review,,existing_H_candidate_review; length:long; stage:existing_audit_anchor
100,False,Bloomery,es,eswiki,4595783,164017997,main,eswiki:4595783:164017997:main:byte-8389-10566,3,8389,10566,acf96659910158e0baa17116c26341e5634c771d1af8e8a528402b8fc082c650,0ded50b6cbd76581785d749ced27afac9d3bcb57286e9249f8b02245f0630140,0804ad222150a885e4a03a8c932d6d64e3e06949297a2745970f949d9963ed82,2177,2126,middle,Horno bajo,existing_audit_anchor,existing_H_candidate_review,out_of_scope_post_1950,existing_H_candidate_review; existing_issue:out_of_scope_post_1950; length:middle; stage:existing_audit_anchor
