mapping_id,input_pattern,target_class_or_path,transform_or_crosswalk,preserved_evidence,unknown_handling,status,reference_url_version,semantic_domain_id,relation_id,case_id
IN-001,export family and snapshot date,project:DumpSnapshot,Pin export family date and language; distinguish current revisions from history; do not infer latest live state,export path; retrieval time; manifest URI,unknown family => quarantine snapshot,project_extension,https://wikitech.wikimedia.org/wiki/MediaWiki_Content_File_Exports|Wikitech export documentation,SD-SOURCE-01,*,*
IN-002,SHA256SUMS and shard list,project:DumpManifest,Parse declared relative shard paths; expected shard count and ranges are manifest assertions until checked,original SHA256SUMS bytes and digest,missing manifest => completeness unknown,project_extension,https://wikitech.wikimedia.org/wiki/MediaWiki_Content_File_Exports|Wikitech export documentation,SD-SOURCE-01,*,*
IN-003,compressed XML shard .bz2,project:SourceShard,Stream decompress; compare compressed SHA-256 to manifest; separately record decompressed XML hash,compressed bytes hash; size; file path; decompressor/version,checksum/decode failure => reject shard and preserve error,project_extension,https://wikitech.wikimedia.org/wiki/MediaWiki_Content_File_Exports|Wikitech export documentation,SD-SOURCE-01,*,*
IN-004,shard page and revision range,project:ShardCoverage,Check observed IDs against filename/manifest range where encoded; detect overlap and gap without assuming one page per shard,filename; observed min/max and counts; gaps,ambiguous range => coverage unknown,project_extension,https://wikitech.wikimedia.org/wiki/MediaWiki_Content_File_Exports|Wikitech export documentation,SD-SOURCE-01,*,*
IN-005,export XML schema namespace/version,project:SourceSchemaVersion,Read root namespace and schema version before selecting parser; version-scan instead of fixed layout,root tag; namespace URI; parser version,unsupported schema => lossless queue,project_extension,https://www.mediawiki.org/wiki/Help:Export|MediaWiki export-0.11,SD-SOURCE-01,*,*
IN-006,siteinfo/siteid/sitename/base/generator,project:WikiSiteContext,Namespace canonicalization and source identity only; generator is not a historical claim,siteinfo raw span; parsed fields,missing field => unknown site context,project_extension,https://www.mediawiki.org/wiki/Help:Export|MediaWiki export-0.11,SD-SOURCE-01,*,*
IN-007,siteinfo/namespaces and namespace aliases,project:NamespaceRegistry,Resolve numeric namespace and aliases as of snapshot; distinguish article/category/template/module/file,siteinfo XML and mapping version,unresolved namespace => keep numeric ID,project_extension,https://www.mediawiki.org/wiki/Help:Export|MediaWiki export-0.11,SD-SOURCE-01,*,*
IN-008,page/id,project:SourcePage,Use wiki+pageid stable key; title is mutable and not identity,page XML span; id,missing or duplicate ID => quarantine,project_extension,https://www.mediawiki.org/wiki/Help:Export|MediaWiki export-0.11,SD-SOURCE-01,RM-ID-03,*
IN-009,page/title and namespace,project:PageTitleAssertion,Store title by revision/snapshot with original script; normalize only lookup key,raw title; ns; title normalization transform,unresolvable title => retain raw,project_extension,https://www.mediawiki.org/wiki/Help:Export|MediaWiki export-0.11,SD-SOURCE-01,RM-ID-01,*
IN-010,page/restrictions,project:EditorialMetadata,Keep if present as source metadata; do not translate to event fact,raw restriction span,absent => unknown,preserve_unmapped,https://www.mediawiki.org/wiki/Help:Export|MediaWiki export-0.11,SD-SOURCE-01,*,*
IN-011,page/redirect target,project:RedirectEdge,Redirect is editorial navigation; resolve target version and avoid same-as equivalence without review,raw target title; pageid; snapshot,missing target => unresolved edge,project_extension,https://www.mediawiki.org/wiki/Help:Export|MediaWiki export-0.11,SD-SOURCE-01,RM-ID-03,*
IN-012,revision/id and parentid,project:SourceRevision,Use wiki+pageid+revid as immutable source key; parent relationship is editorial lineage,revision XML span; parentid,missing parent => no fabricated parent,project_extension,https://www.mediawiki.org/wiki/Help:Export|MediaWiki export-0.11,SD-SOURCE-01,RM-SOURCE-01,*
IN-013,revision/timestamp,project:recorded_at,Parse timezone and precision; editorial recorded time is not historical event time,raw timestamp; normalized UTC; parser,invalid timestamp => quarantine revision,project_extension,https://www.mediawiki.org/wiki/Help:Export|MediaWiki export-0.11,SD-TIME-01;SD-SOURCE-01,*,*
IN-014,revision/model and format,project:ContentModel,Dispatch wikitext versus other slot/model only after reading declared model and format,model; format; raw slot,unsupported model => preserve opaque content,project_extension,https://www.mediawiki.org/wiki/Help:Export|MediaWiki export-0.11,SD-SOURCE-01,*,*
IN-015,revision/slots and slot role,project:SourceSlot,Treat content role independently; do not assume only main slot,role/model/format/text raw span,unknown role => opaque slot,project_extension,https://www.mediawiki.org/wiki/Help:Export|MediaWiki export-0.11,SD-SOURCE-01,*,*
IN-016,revision/text raw wikitext,project:RawRevisionText; optional crm:E31 Document,Hash original XML text content and decoded wikitext separately; immutable revision ref,raw XML byte offsets; decoded text hash; codec,missing or deleted text => no semantic extraction,project_extension,https://www.mediawiki.org/wiki/Help:Export|MediaWiki export-0.11,SD-SOURCE-01,RM-SOURCE-01,*
IN-017,revision/text sha1 or bytes attribute,project:DeclaredContentDigest,Verify where definition/encoding known; keep separate from compressed shard SHA-256 and local raw hash,declared sha1; bytes; computed result,mismatch => quarantine and report,project_extension,https://www.mediawiki.org/wiki/Help:Export|MediaWiki export-0.11,SD-SOURCE-01,*,*
IN-018,revision/deleted or suppressed fields,project:SuppressionFlag,Do not reconstruct hidden content; record visibility only,deletion flag; public XML span,suppressed content => unavailable,preserve_unmapped,https://www.mediawiki.org/wiki/Help:Export|MediaWiki export-0.11,SD-SOURCE-01,*,*
IN-019,revision/contributor public ID/name/IP,project:MinimalEditorialProvenance,Keep only necessary public attribution or opaque identifier; never infer historical actor or authority,public XML field; retention policy,hidden contributor => unknown,project_extension,https://www.mediawiki.org/wiki/Help:Export|MediaWiki export-0.11,SD-SOURCE-01,*,*
IN-020,revision/comment minor tags,project:EditorialMetadata,Store bounded public revision metadata; never use edit comment as historical assertion without separate review,comment/minor/tags raw span,missing => unknown,preserve_unmapped,https://www.mediawiki.org/wiki/Help:Export|MediaWiki export-0.11,SD-SOURCE-01,*,*
IN-021,non-main namespace pages,project:NamespaceContent,Route template/module/category/file/discussion metadata by namespace; no article-claim extraction by default,ns; pageid; revision ref,unknown namespace => opaque page,project_extension,https://www.mediawiki.org/wiki/Help:Export|MediaWiki export-0.11,SD-SOURCE-01,*,*
IN-022,deleted page or absent revision content,project:SourceTombstone,Record observed unavailability; do not infer nonexistence of topic,page/revision metadata,absence => unknown historical status,project_extension,https://www.mediawiki.org/wiki/Help:Export|MediaWiki export-0.11,SD-SOURCE-01,*,*
IN-023,lead and section heading hierarchy,project:TextUnit; crm:E31 Document P106 component candidate,Build heading tree with stable source offsets; heading scope conditions every child claim,raw span; normalized span; heading path,broken heading syntax => preserve raw unit,conditional,https://www.mediawiki.org/wiki/Parsoid/API|Parsoid API,SD-SOURCE-01,RM-PART-02,*
IN-024,paragraph,project:TextUnit,Segment while preserving section scope and original wikitext offsets,raw revision span; normalized text; transform map,ambiguous segmentation => larger unit,project_extension,https://www.mediawiki.org/wiki/Parsoid/API|Parsoid API,SD-SOURCE-01,*,*
IN-025,sentence and clause,project:ClaimCandidate,Sentence boundary is candidate evidence only; keep multi-sentence context and modality,raw and normalized offsets; context IDs,uncertain boundary => paragraph context,project_extension,https://www.mediawiki.org/wiki/Parsoid/API|Parsoid API,SD-SOURCE-01,*,*
IN-026,inline language script and transliteration,project:LexicalForm,Keep original spelling/script and language markup; normalize lookup aliases separately,raw span; language tags; transform,language unknown => undetermined,project_extension,https://www.mediawiki.org/wiki/Parsoid/API|Parsoid API,SD-LANG-01,*,*
IN-027,wikilink internal article,project:EntityMention; crm:P67 refers to candidate,Resolve target by title and snapshot; link is mention/navigation and not asserted relation,anchor span; target title; resolution trail,unresolved target => mention only,conditional,https://www.mediawiki.org/wiki/Parsoid/API|Parsoid API,SD-SOURCE-01,RM-CONCEPT-03,*
IN-028,interwiki and external link,project:ExternalReference,Classify link type; external URL is evidence/navigation not fact confirmation,raw URL/target; anchor span,dead/unresolved => preserve URL,project_extension,https://www.mediawiki.org/wiki/Parsoid/API|Parsoid API,SD-SOURCE-01,*,*
IN-029,redirect and disambiguation links in prose,project:AmbiguousMention,Follow editorial graph only for candidate identity; preserve target alternatives,link span; redirect chain; snapshot,multiple referents => unresolved identity,conditional,https://www.mediawiki.org/wiki/Parsoid/API|Parsoid API,SD-SOURCE-01,RM-ID-03,*
IN-030,bold italic quotation typography,project:TextAnnotation,Retain editorial emphasis/quotation; quoted stance must not become neutral fact,raw span; markup type,broken markup => raw text,project_extension,https://www.mediawiki.org/wiki/Parsoid/API|Parsoid API,SD-SOURCE-01,*,*
IN-031,wiki table rows columns headers captions,project:TableStructure,Parse nested tables; align each cell to row/column/header/scope before any claim mapping,cell raw span; row/column/header IDs,malformed table => retain raw table,project_extension,https://www.mediawiki.org/wiki/Parsoid/API|Parsoid API,SD-LIST-01,RM-PART-02,*
IN-032,table cell data value,project:CellClaimCandidate,Interpret only with header unit footnote and article context; do not convert every cell to event,cell span; context IDs; normalized value,ambiguous header/value => unresolved candidate,conditional,https://www.mediawiki.org/wiki/Parsoid/API|Parsoid API,SD-LIST-01,*,AC-UNCERTAINTY-08
IN-033,table sortkey rowspan colspan,project:TableStructure,Retain layout and sort semantics separately from content values,raw attributes and cell span,layout parse failure => opaque table,project_extension,https://www.mediawiki.org/wiki/Parsoid/API|Parsoid API,SD-LIST-01,*,*
IN-034,infobox template invocation and fields,project:TemplateInvocation; ClaimCandidate,Version template name and parameter; use registered template+field+page/domain discriminator before semantic crosswalk,invocation span; raw parameter name/value; template version,unknown template/field => unresolved queue,conditional,https://www.mediawiki.org/wiki/Help:Templates|MediaWiki templates,SD-LIST-03,RM-CLAIM-01,AC-UNMAPPED-09
IN-035,template nested or parser-function expansion,project:TransclusionDependency,Store expansion dependency graph and source-to-output range map; expansion output is not original citation,original invocation and dependency revisions; expanded DOM span,failed expansion => preserve invocation,project_extension,https://www.mediawiki.org/wiki/Help:Templates|MediaWiki templates,SD-SOURCE-01,*,*
IN-036,Lua module or Scribunto invocation,project:ModuleDependency,Record module version and expansion lineage; do not execute arbitrary module during extraction without controlled renderer,module ref; invocation span; renderer version,unavailable module => opaque transclusion,project_extension,https://www.mediawiki.org/wiki/Extension:Scribunto/en|MediaWiki Scribunto,SD-SOURCE-01,*,*
IN-037,list bullet numbered definition list,project:ListStructure,Keep item order nesting and heading scope; claims are contextual candidates,list/item raw spans; nesting,malformed nesting => preserve whole list,project_extension,https://www.mediawiki.org/wiki/Parsoid/API|Parsoid API,SD-LIST-01,*,*
IN-038,hatnote navigation,project:Hatnote,Distinguish editorial navigation from article historical claim,hatnote span; targets,unrecognized hatnote => text only,preserve_unmapped,https://www.mediawiki.org/wiki/Help:Templates|MediaWiki templates,SD-SOURCE-01,*,*
IN-039,disambiguation page/template,project:DisambiguationSet,Never mint one historical entity from the disambiguation page; retain alternatives,page ns/template/links; spans,unclassified page => ambiguity flag,project_extension,https://www.mediawiki.org/wiki/Help:Templates|MediaWiki templates,SD-LIST-02,*,*
IN-040,category assignment link,project:CategoryMembership,Editorial classification may inform routing but is not equivalent to ontological type or historical participation,category link span; category page key,category missing => preserve label,conditional,https://www.mediawiki.org/wiki/Help:Categories|MediaWiki categories,SD-LIST-02,RM-ID-02,*
IN-041,file/media image audio video link,project:MediaReference,Preserve file target caption alt and placement; media is not direct observation of depicted event,raw file link; caption span,missing media metadata => reference only,project_extension,https://www.mediawiki.org/wiki/Parsoid/API|Parsoid API,SD-MEDIA-01,*,*
IN-042,SVG or interactive graphic reference,project:MediaReference,Keep embedded reference and caption; do not infer graph values without separate parse/provenance,SVG/file ref; raw span,unavailable asset => link only,preserve_unmapped,https://www.mediawiki.org/wiki/Parsoid/API|Parsoid API,SD-MEDIA-01,*,*
IN-043,math TeX expression,project:FormalExpression,Preserve source expression and display rendering separately; link quantities only with domain parser,raw math span; rendering version,unsupported syntax => opaque expression,preserve_unmapped,https://www.mediawiki.org/wiki/Extension:Math|MediaWiki Math,SD-MATH-01,*,*
IN-044,chemical formula or reaction markup,project:ChemicalExpression,Preserve source notation; structural chemistry semantics require separate domain validation,raw chemistry span; renderer version,unsupported formula => opaque expression,preserve_unmapped,https://www.mediawiki.org/wiki/Extension:Math|MediaWiki Math,SD-MATERIAL-01,*,*
IN-045,ref tag named grouped reused,project:CitationOccurrence,Resolve ref definitions and reuse by name/group within page; do not confuse citation with evidence endorsement,ref tag span; group/name; resolution,undefined ref => unresolved citation,project_extension,https://www.mediawiki.org/wiki/Help:Cite|MediaWiki Cite,SD-SOURCE-01,RM-SOURCE-01,*
IN-046,references tag or reflist template,project:ReferenceList,Link rendered entries to ref occurrences and definition spans; preserve list ordering,reflist span; ref IDs,unresolved rendered entry => queue,project_extension,https://www.mediawiki.org/wiki/Help:Cite|MediaWiki Cite,SD-SOURCE-01,*,*
IN-047,citation templates DOI ISBN URL page fields,project:BibliographicRecordCandidate; optional crm:E31 Document,Normalize bibliographic identifiers only after template-specific crosswalk; cited work and claim evidence remain separate,raw template invocation; field spans; resolver metadata,unknown citation template => raw citation,conditional,https://www.mediawiki.org/wiki/Help:Cite|MediaWiki Cite,SD-SOURCE-01,RM-SOURCE-01,*
IN-048,bibliography further-reading external-links sections,project:BibliographicMention,Keep reading lists distinct from citations attached to assertions,section path; entry span,unstructured entry => raw text,conditional,https://www.mediawiki.org/wiki/Help:Cite|MediaWiki Cite,SD-SOURCE-01,*,*
IN-049,footnote marker and explanatory note,project:Footnote,Separate note text from cited source; retain marker-to-body and claim scope,marker/body spans; anchor,unresolved marker => preserve both,project_extension,https://www.mediawiki.org/wiki/Help:Cite|MediaWiki Cite,SD-SOURCE-01,*,*
IN-050,quoted source passage,project:QuotationCandidate,Retain speaker/source attribution and quotation boundary; avoid turning quoted claim into article voice,quote span; attribution context,unknown speaker => unattributed quote,conditional,https://cidoc-crm.org/html/cidoc_crm_v7.1.3.html|CRMbase 7.1.3,SD-SOURCE-01,RM-SOURCE-01,*
IN-051,templates for date calendar circa range,project:TemporalExpression; crm:E52 Time-Span candidate,Parse calendar precision circa open bounds and date role; only context decides event time versus publication time,raw expression span; parser/version; bound interpretation,ambiguous date => unresolved temporal expression,conditional,https://cidoc-crm.org/html/cidoc_crm_v7.1.3.html|CRMbase 7.1.3,SD-TIME-01,RM-TIME-01,AC-UNCERTAINTY-08
IN-052,coordinates and place template,project:SpatialExpression; crm:E53 Place candidate,Keep coordinate reference system precision and place role; distinguish event location from article subject,template span; raw coordinate; context,ambiguous place => spatial candidate only,conditional,https://cidoc-crm.org/html/cidoc_crm_v7.1.3.html|CRMbase 7.1.3,SD-GEO-01,RM-PLACE-01,*
IN-053,quantity number unit and currency,project:QuantityExpression,Parse numeral and local unit with dimension; preserve original value and conversion version,cell/text span; raw unit/value,unit unknown => no conversion,conditional,https://www.qudt.org/catalog/qudt-catalog.html|QUDT catalog 3.5.2,SD-QUANT-01,RM-CLAIM-04;RM-CLAIM-05,AC-UNCERTAINTY-08
IN-054,proper-name entity mention,project:EntityMention,Resolve candidate identities with time/region/context; never collapse same strings blindly,mention span; candidate list,identity uncertain => unresolved mention,conditional,https://cidoc-crm.org/html/cidoc_crm_v7.1.3.html|CRMbase 7.1.3,SD-UNKNOWN-01,RM-ID-03,*
IN-055,event predicate and participants in prose,project:AssertionCandidate; crm:E5 Event candidate,Extract event/time/place/participants with modality and citation scope; require review before SOT fact,full evidence span; model/prompt/version; candidates,unsupported relation => unresolved assertion,conditional,https://cidoc-crm.org/html/cidoc_crm_v7.1.3.html|CRMbase 7.1.3,SD-TIME-01,RM-PERSON-01;RM-TIME-01;RM-PLACE-01,AC-ANCHOR-02
IN-056,status tenure membership office in prose/table,project:StateAssertion; crm:E13 Attribute Assignment candidate,Represent time-bounded relation; distinguish event of appointment from held state,evidence span; temporal qualifier,unknown interval => partial bounds,conditional,https://cidoc-crm.org/html/cidoc_crm_v7.1.3.html|CRMbase 7.1.3,SD-PEOPLE-02,RM-POWER-01;RM-CLAIM-01,*
IN-057,causal connector and historical explanation,project:CausalAssertionCandidate,Separate quoted or article-stated causal claim from model hypothesis; no P9 part-of substitution,clause spans; attribution; basis,causal scope unclear => unresolved,project_extension,https://cidoc-crm.org/html/cidoc_crm_v7.1.3.html|CRMbase 7.1.3,SD-UNKNOWN-01,RM-CAUSE-01;RM-CAUSE-03,AC-ANCHOR-02
IN-058,negation uncertainty disputed fact tags,project:AssertionModality,Preserve negation hedges citation-needed disputed and competing propositions,raw token span; editorial tag,unparsed modality => no positive fact,project_extension,https://www.mediawiki.org/wiki/Parsoid/API|Parsoid API,SD-UNKNOWN-01,RM-CLAIM-02,*
IN-059,concept religion doctrine ideology mentions,project:ConceptMention,Distinguish timeless referent from historical formulation adoption transmission and application events,mention/context span; candidate identity,ambiguous concept => separate candidates,project_extension,https://cidoc-crm.org/html/cidoc_crm_v7.1.3.html|CRMbase 7.1.3,SD-IDEA-01;SD-REL-01,RM-CONCEPT-01;RM-REL-01,AC-DOCTRINE-03
IN-060,scientific theory technology process mentions,project:KnowledgeMention,Separate abstract idea from documented formulation and actor knowledge or practical capability,mention span; date/actor context,availability unproven => unknown,project_extension,https://cidoc-crm.org/html/cidoc_crm_v7.1.3.html|CRMbase 7.1.3,SD-SCI-01;SD-TECH-01,RM-TECH-07,AC-IRON-01;AC-SCIENCE-06
IN-061,page_props auxiliary SQL wikibase_item,project:EntityLinkCandidate,Optional later import; validate wiki/pageid/snapshot and QID property before join,source table row/version; join proof,not held => no QID assumption,conditional,https://www.mediawiki.org/wiki/Manual:Page_props_table/en|MediaWiki page_props,SD-SOURCE-01,RM-ID-03,*
IN-062,Wikidata QID statements qualifiers references ranks,project:ExternalAssertionCandidate,Optional separate graph; retain rank qualifiers references and novalue/somevalue; do not overwrite Wikipedia evidence,QID; statement ID; qualifiers; revision,not held or missing => unknown,conditional,https://www.wikidata.org/wiki/Help:Data_model|Wikidata data model,SD-SOURCE-01,RM-SOURCE-01,*
IN-063,Wikidata sitelink and alias,project:CrossWikiIdentityCandidate,Optional join by exact site/page with revision; sitelink helps identity but is not historical relation,QID; sitelink; source revision,not held => no crosswiki identity,conditional,https://www.wikidata.org/wiki/Help:Data_model|Wikidata data model,SD-SOURCE-01,RM-ID-03,*
IN-064,redirect SQL auxiliary,project:RedirectEdge,Optional versioned corroboration of XML redirect; resolve namespace and target,table row; schema version,not held => XML only,conditional,https://www.mediawiki.org/wiki/Manual:Redirect_table|MediaWiki redirect table,SD-SOURCE-01,RM-ID-03,*
IN-065,categorylinks SQL auxiliary,project:CategoryMembership,Optional versioned index for category membership; editorial taxonomy not CRM type,table row; schema version,not held => wikitext only,conditional,https://www.mediawiki.org/wiki/Manual:Categorylinks_table/en|MediaWiki categorylinks,SD-SOURCE-01,*,*
IN-066,linktarget and pagelinks SQL auxiliary,project:LinkTargetIndex,Optional link resolution index; schema scan before join and preserve unresolved links,table row; schema version,not held => wikitext only,conditional,https://www.mediawiki.org/wiki/Manual:Linktarget_table|MediaWiki linktarget,SD-SOURCE-01,*,*
IN-067,unsupported XML element/content model,project:LosslessUnmappedQueue,Store complete raw element/slot with path and reason; quantify coverage before extension,raw XML bytes/offsets; parser diagnostics,opaque until supported; never drop silently,preserve_unmapped,https://www.mediawiki.org/wiki/Help:Export|MediaWiki export-0.11,SD-UNKNOWN-01,*,AC-UNMAPPED-09
IN-068,unsupported wikitext extension tag/transclusion,project:LosslessUnmappedQueue,Store raw span and expansion context; do not treat rendered omission as absence,raw span; dependency/context,opaque until renderer or parser available,preserve_unmapped,https://www.mediawiki.org/wiki/Parsoid/API|Parsoid API,SD-UNKNOWN-01,*,AC-UNMAPPED-09
IN-069,normalized rendered text,project:NormalizedTextUnit,Version every transform Unicode whitespace markup and render; maintain many-to-many map to raw revision byte spans,normalized text hash; transform log; raw span map,unmappable span => evidence not releaseable,project_extension,https://www.mediawiki.org/wiki/Parsoid/API|Parsoid API,SD-SOURCE-01,RM-SOURCE-01,AC-UNMAPPED-09
IN-070,claim candidate with citation and context,project:EvidenceBoundAssertion,Attach source ref snapshot/page/revision/raw span plus normalized span context citation lineage; no naked claims,immutable source ref; derivation trace,missing evidence => candidate quarantine,project_extension,https://cidoc-crm.org/html/cidoc_crm_v7.1.3.html|CRMbase 7.1.3,SD-SOURCE-01,RM-SOURCE-01,*
IN-071,recorded time versus historical time,project:TemporalRole,Keep export/edit/claim-recorded/claimed-valid/event-occurrence/actor-known times separately,source timestamp and textual date spans,unknown role => no temporal merge,project_extension,https://cidoc-crm.org/html/cidoc_crm_v7.1.3.html|CRMbase 7.1.3,SD-TIME-01,RM-TIME-01,*
IN-072,per-page extraction/review batch,project:CoverageMetrics,Count parsed and queued sections cells citations claim candidates and relation candidates with explicit denominators,stage counts; batch manifest; failures,missing denominator => coverage unknown,project_extension,https://www.mediawiki.org/wiki/Help:Export|MediaWiki export-0.11,SD-SOURCE-01,*,*
IN-073,article text conflict across revisions/sources,project:CompetingAssertionSet,Keep versioned mutually compatible/incompatible propositions with distinct evidence and reviewer disposition,all source refs; conflict basis,unresolved conflict => no forced winner,project_extension,https://cidoc-crm.org/html/cidoc_crm_v7.1.3.html|CRMbase 7.1.3,SD-UNKNOWN-01,RM-CLAIM-02,AC-UNCERTAINTY-08
IN-074,content outside first acceptance cohort but inside full-corpus target,project:SourceCatalog; project:DeferredByWaveQueue,Catalog whole dump and retain deferred semantic work by domain/wave with explicit reason and revisit policy; pilot exclusion is not terminal scope exclusion,source manifest and catalog counts,"outside initial cohort => deferred_by_wave, not evaluated; unsupported => lossless unmapped queue",project_extension,https://wikitech.wikimedia.org/wiki/MediaWiki_Content_File_Exports|Wikitech export documentation,SD-SOURCE-01,RM-SOURCE-01,*
IN-075,page text attribution and rights metadata,project:RightsProvenance,Record site/revision/source URL and applicable text license as a source metadata assertion; do not automatically assign it to third-party references or media,source URL; revision URL; licensing page/version; retrieval record,license unresolved => retain source ref and flag use status unknown,project_extension,https://en.wikipedia.org/wiki/Wikipedia:Copyrights|English Wikipedia copyright guidance,SD-SOURCE-01,RM-SOURCE-01,*
IN-076,cited work media and external auxiliary rights/access state,project:ExternalSourceAccessAndRights,Distinguish URL-only reference from bytes acquired; store independent work/media/auxiliary provenance and rights metadata,citation/media URL; access time; acquired bytes hash if any; rights source,unknown rights or inaccessible work => reference only and unresolved rights flag,project_extension,https://www.mediawiki.org/wiki/Help:Cite|MediaWiki Cite,SD-SOURCE-01,RM-SOURCE-01,*
