relation_id,relation_family,subject_project_type,predicate,object_project_type,crm_forward,crm_inverse,crm_domain_range,application_condition,qualifiers,time_policy,assertion_policy,branch_visibility_policy,support_level,evidence
RM-ID-01,식별,any_entity,has_name,appellation,P1 is identified by,P1i identifies,E1 to E41,이름이 실제 지시 대상에 연결될 때,언어·표기·동명이인,이름 유효기간 별도,COMMON+명칭 출처,공용 식별자 유지·작품 별칭 별도,conditional,CRM7.1.3 §P1 §E41
RM-ID-02,분류,any_entity,has_type,type,P2 has type,P2i is type of,E1 to E55,분류판과 분류자 근거가 있을 때,분류 체계·관점,분류 유효기간 별도,COMMON+E13 귀속 가능,공용 분류 교정은 릴리스·작품 설정 별도,conditional,CRM7.1.3 §P2 §E55 §E13
RM-ID-03,동일성,any_entity,same_identity_as,any_entity,none,none,project identity relation,동일성 근거 검토 전에는 후보로만 유지,namespace·판·충돌,시기별 승계와 동일성 구별,COMMON+동일성 근거,작품과 공용 ID 자동 병합 금지,project_extension,SYSTEM §4;CRM7.1.3 §E41
RM-TIME-01,시간,temporal_entity,has_timespan,timespan,P4 has time-span,P4i is time-span of,E2 to E52,사건 발생·상태 유효·기록일을 구별,역법·경계 불확실·원문 표현,미상은 빈 범위가 아닌 미상값,COMMON+날짜 span,공용 사건과 작품 전표 기간 분리,conditional,CRM7.1.3 §P4 §E52
RM-PLACE-01,장소,period_or_event,took_place_at,place,P7 took place at,P7i witnessed,E4 to E53,역사적 사건·활동 장소일 때,다중 장소·장소판,위치 변동·경계 시기 구분,COMMON+장소 근거,작품의 지명/경계 변경은 overlay,conditional,CRM7.1.3 §P7 §E53
RM-PART-01,포함,period,has_subperiod,period,P9 consists of,P9i forms part of,E4 to E4,상위 전쟁과 하위 전투가 실제 부분일 때,포함 근거·중복효과 표시,상위·하위 각 시간 독립,COMMON+partOf 출처,작품에서 상위 사건 변경 시 하위 영향 재검토,conditional,CRM7.1.3 §P9;SYSTEM §2
RM-PART-02,명제,propositional_content,has_component,propositional_content,P148 has component,P148i is component of,E89 to E89,교리·이론·서사 내용의 부분일 때,판본·부분 범위,내용판과 역사 등장 시점 분리,COMMON+내용 span,작품 재해석판은 별도 ID,conditional,CRM7.1.3 §P148 §E89
RM-PART-03,유형계층,type,broader_term,type,P127 has broader term,P127i has narrower term,E55 to E55,용어 계층이며 시간적 진화나 인과가 아닐 때,분류체계·출처,분류판의 유효기간 별도,COMMON+분류판,공용 계층을 작품 설정으로 덮지 않음,conditional,CRM7.1.3 §P127 §E55
RM-PERSON-01,행위,event,had_participant,actor,P11 had participant,P11i participated in,E5 to E39,참여와 실행 책임을 구별,참여역할·출처,행위 시간과 인지시점 분리,COMMON+참여 근거,작품 참가자는 작품 전표,conditional,CRM7.1.3 §P11 §E39
RM-PERSON-02,행위,activity,carried_out_by,actor,P14 carried out by,P14i performed,E7 to E39,의도적 행위의 수행자일 때,역할 P14.1·복수 행위자,활동 시점 별도,COMMON+책임 근거,공용 활동 변경은 작품 overlay,conditional,CRM7.1.3 §P14 §E7
RM-PERSON-03,소속,actor,member_of,group,P107i is current or former member of,P107 has current or former member,E39 to E74 입력 역방향이며 CRM 정방향은 E74 to E39,입력 actor→group을 저장할 때 공식 역관계로 변환,회원 종류 P107.1·출처,현·전 소속을 단일 현재 상태로 합치지 않음,COMMON+소속 근거,작품 소속 변동 전표 별도,conditional,CRM7.1.3 §P107 §E74
RM-PERSON-04,친족,person,biological_parent_of,person,none,none,project biological kinship relation,생물학적 부모 주장이 명시될 때,부모 역할·귀속자·증거,혈연 주장과 법적 양육기간 분리,COMMON+상충 계보,작품 가계 개변만 overlay,project_extension,SYSTEM §4;CRM7.1.3 §E21 §E13
RM-POWER-01,정치,person,held_office,polity_or_group,none,none,project office tenure,직위 역할·관할이 특정될 때,직위·임명 근거·대행 여부,재임기간과 공식 행사일 구별,COMMON+재임표 위치,작품 직위 개변과 공개 시점 분리,project_extension,SYSTEM §4;CRM7.1.3 §E7 §E74
RM-POWER-02,정치,polity_actor,controlled_territory,place,none,none,project jurisdiction relation,행위체와 관할영역이 분리 식별될 때,실효·주장·인정 구별,시기별 경계판과 지도판,COMMON+상충 지도·조약,작품 영토변경은 overlay만,project_extension,SYSTEM §4;CRM7.1.3 §E74 §E53
RM-POWER-03,정치,polity_actor,claimed_authority,polity_or_person,none,none,project authority claim,주권·책봉·임명·승인 유형을 구분,주장자·피주장자·권한 종류,효력·인정·실행 시점 별도,COMMON+출처별 주장,작품 승인 사실과 외교 인지 분리,project_extension,SYSTEM §4;CRM7.1.3 §E30 §E13
RM-ECON-01,경제,acquisition,transferred_title_to,actor,P22 transferred title to,P22i acquired title through,E8 to E39,법적 소유권 이전이 자료에 명시될 때,상품·지분·조건,거래일과 실제 인도일 구별,COMMON+계약 출처,작품 거래는 작품 전표,conditional,CRM7.1.3 §P22 §E8
RM-ECON-02,경제,acquisition,transferred_title_from,actor,P23 transferred title from,P23i surrendered title through,E8 to E39,양도자가 알려질 때만,상품·대가·불명 상대,소유권 시점과 점유 시점 구별,COMMON+계약 출처,작품 거래는 작품 전표,conditional,CRM7.1.3 §P23 §E8
RM-MOVE-01,이동,move,moved_object,physical_object,P25 moved,P25i moved by,E9 to E19,실제 물리 이동이 기록될 때,운송수단·행위자,출발·도착 기간,COMMON+이동 출처,작품 이동만 overlay,conditional,CRM7.1.3 §P25 §E9
RM-MOVE-02,이동,move,moved_to,place,P26 moved to,P26i was destination of,E9 to E53,도착지가 특정될 때,경로·불명 목적지,도착시점 별도,COMMON+장소 근거,작품 지리판 참조,conditional,CRM7.1.3 §P26 §E9
RM-MOVE-03,이동,move,moved_from,place,P27 moved from,P27i was origin of,E9 to E53,출발지가 특정될 때,경로·불명 출발지,출발시점 별도,COMMON+장소 근거,작품 지리판 참조,conditional,CRM7.1.3 §P27 §E9
RM-CONCEPT-01,창안,creation,created_concept,conceptual_object,P94 has created,P94i was created by,E65 to E28,지적 내용의 창안/정식화에 한정,창안자·내용판·원문,생성일 미상은 미상으로 보존,COMMON+창안 주장,작품 발명은 overlay로만,conditional,CRM7.1.3 §P94 §E65
RM-CONCEPT-02,분류창안,type_creation,created_type,type,P135 created type,P135i was created by,E83 to E55,분류 개념을 정의·명명한 사건일 때,분류체계·저자,분류 생성과 자연 개체 발생 분리,COMMON+분류판,작품 분류는 별도 판,conditional,CRM7.1.3 §P135 §E83
RM-CONCEPT-03,내용,propositional_content,is_about,entity,P129 is about,P129i is subject of,E89 to E1,문헌의 주제 관계이며 진실 주장과 구별,주제 역할·해석,내용 창안시점과 대상 사건시점 분리,COMMON+제목/본문 근거,작품 서사와 공용 사실 분리,conditional,CRM7.1.3 §P129 §E89
RM-CONCEPT-04,문서,document,documents,entity,P70 documents,P70i is documented in,E31 to E1,문서가 대상을 기술할 때,문서판·범위·각주,문서 작성일과 사건일 분리,COMMON+문장 span,작품 문서 출처층 별도,conditional,CRM7.1.3 §P70 §E31
RM-CONCEPT-05,창안,source_content,encoded_as,information_object,none,none,project content-expression relation,명제 내용과 특정 기호 표현이 구별될 때,언어·번역·판본,내용 개념과 표현 제작 시기 분리,COMMON+판본 hash,작품 재서술은 표현판 별도,project_extension,CRM7.1.3 §E89 §E73 §E90
RM-TECH-01,기술,activity,used_general_technique,technique_type,P32 used general technique,P32i was technique of,E7 to E55,일반 기술범주만 알려질 때,용어체계·시행자,행위시점과 기술보급시점 구별,COMMON+기술명 span,작품 실행은 overlay,conditional,CRM7.1.3 §P32 §E55
RM-TECH-02,기술,activity,used_specific_procedure,documented_procedure,P33 used specific technique,P33i was used by,E7 to E29,특정 문서화된 절차를 실제 활동에 사용했을 때,절차판·수행자·자원,절차 작성과 실행 시점 구별,COMMON+실행 근거,작품 실제 실행 전표만 사용,conditional,CRM7.1.3 §P33 §E29
RM-TECH-03,기술,activity,used_specific_object,thing,P16 used specific object,P16i was used for,E7 to E70,수행·결과에 필수인 특정 실물/비실물 객체일 때,사용 방식 P16.1·실제 매체,객체 가용 시점과 행위시점 대조,COMMON+필수 사용 근거,작품 자원 변화와 중복 계산 방지,conditional,CRM7.1.3 §P16 §E70
RM-TECH-04,기술,documented_procedure,foresees_material,material_type,P68 foresees use of,P68i use foreseen by,E29 to E57,설계상 예상 재료이며 실제 소비 아님,재료 규격·양은 프로젝트 별도,설계판과 실행시점 분리,COMMON+설계문 span,작품 자원 충족 별도 검토,conditional,CRM7.1.3 §P68 §E29
RM-TECH-05,기술,production,employed_material,material_type,P126 employed,P126i was employed in,E11 to E57,실제 수정·생산에 투입된 재료 유형일 때,원료량·수율·단위,실행 시점·지역 자원 상태,COMMON+실제 투입 근거,작품 생산 전표와 자원 상태 연결,conditional,CRM7.1.3 §P126 §E11
RM-TECH-06,기술,production,produced_item,artifact,P108 has produced,P108i was produced by,E12 to E24,새 물리적 제작물이 실제 완성됐을 때,수량·제품형·실패 여부,제작시점과 발명/보급시점 분리,COMMON+완성 근거,작품 신제품만 overlay,conditional,CRM7.1.3 §P108 §E12
RM-TECH-07,인지,actor,knows_content,concept_or_procedure,none,none,project cognition relation,행위자가 내용이나 절차를 안다는 명시 주장/설정,인지 범위·확신도·출처,인지 시작·상실 시점,COMMON+인지 출처 또는 작품 설정,작품 트립 인지전표 허용,project_extension,SYSTEM §4 §6;CRM7.1.3 §P16 경계
RM-CAUSE-01,추론,activity,was_influenced_by,entity,P15 was influenced by,P15i influenced,E7 to E1,약한 영향 근거이며 원인 확정 아님,영향 종류·근거,선후만으로 관계 생성 금지,COMMON+명시 영향 문장,작품 가설과 채택관계 구별,conditional,CRM7.1.3 §P15;SYSTEM §2
RM-CAUSE-02,추론,event_or_state,requires,condition,none,none,project causal condition relation,출처의 필요조건과 모델 가설을 분리,필수/촉진/방해·대체수단·자원량,조건 작동 시점과 효과 시점,COMMON+주장자·가설 상태,작품 승인 전표 조건만 계산 입력,project_extension,SYSTEM §2;CRM7.1.3 §P15 한계
RM-CAUSE-03,추론,event,causes_event,event,none,none,project causal event relation,시간순·partOf·벡터 유사도에서 자동 생성 금지,개입·효과·대안 경로,원인과 효과 시점 방향 검사,COMMON+출처 인과/모델 추론 구별,작품 채택 인과만 계산 입력,project_extension,SYSTEM §2;CRM7.1.3 §P15 한계
RM-CLAIM-01,주장,attribute_assignment,assigned_to,entity,P140 assigned attribute to,P140i was attributed by,E13 to E1,누가 대상에 어떤 속성을 귀속했는지 기록,주장자 P14·방법·출처,주장시점과 대상 사실시점 분리,COMMON+상충·철회 원장,공용 릴리스와 작품 승인 별도,conditional,CRM7.1.3 §P140 §E13
RM-CLAIM-02,주장,attribute_assignment,assigned_value,entity,P141 assigned,P141i was assigned by,E13 to E1,귀속된 값 또는 상대가 특정될 때,부정·불명·단위·판본,값의 유효시점 별도,COMMON+원문 표현,작품 설정으로 공용 값 덮지 않음,conditional,CRM7.1.3 §P141 §E13
RM-CLAIM-03,주장,attribute_assignment,assigned_relation_type,type,P177 assigned property type,P177i is type of property assigned,E13 to E55,주장된 술어의 종류를 보존할 때,긍정/부정은 프로젝트 계약,주장시점·유효기간 구분,COMMON+관계문장,릴리스 채택 여부 별도,conditional,CRM7.1.3 §P177 §E13
RM-CLAIM-04,정량,dimension,has_value,number,P90 has value,none,E54 to E60,실측/추정 수치의 분모와 맥락을 보존,범위·근사·오차·측정법,측정시점과 유효시점 구별,COMMON+표 셀 위치,작품 수량 변경은 별도 전표,conditional,CRM7.1.3 §P90 §E54
RM-CLAIM-05,정량,dimension,has_unit,unit,P91 has unit,P91i is unit of,E54 to E58,원문 단위와 환산판을 분리,단위체계·환산근거,시대별 단위 정의판 보존,COMMON+원단위 텍스트,작품 물량 계산의 단위 확인,conditional,CRM7.1.3 §P91 §E58
RM-REL-01,수용,actor_or_group,adopted_interpretation,doctrine_or_ideology,none,none,project adoption relation,주장·내면 믿음·공식 소속·실천 구별,해석판·출처·자기진술 여부,인지·수용·폐기 시점 별도,COMMON+상충 수용 근거,작품 인지전표가 공용 신자상태를 변경하지 않음,project_extension,CRM7.1.3 §E89 §E7 §E13
RM-REL-02,실천,activity,practiced_doctrine,doctrine_or_ideology,none,none,project practice relation,특정 교리판을 실제 실천한 행위가 근거에 있을 때,행위자·교리판·행동·지역,행위시점과 수용시점 별도,COMMON+실천 근거,작품 실천 사건은 overlay,project_extension,CRM7.1.3 §E7 §E89;P15와 비동치
RM-BRANCH-01,분기,work_change,overrides,baseline_assertion,none,none,project work overlay relation,원역사 ID를 보존하고 작품 변경·취소·지연·대체 기록,work_id·원역사 릴리스·변경 이유,개변 전 사실 보존·후속 검토,COMMON+작가 승인 원장,작품 간 전이 금지,project_extension,SYSTEM §3 §4
RM-BRANCH-02,분기,work_record,was_published_to,audience,none,none,project publication relation,작품 기록이 독자에게 공개된 경우에만,공개 범위·회차·판본,공개시점과 장면시점 분리,COMMON+출판 근거,잠금/공개 상태에 따른 조회 격리,project_extension,SYSTEM §3 §4 §6
RM-SOURCE-01,계보,derived_record,derives_from,source_span,none,none,project provenance relation,모든 추출·검토·릴리스 항목에 필수,source snapshot·page/revision/span/hash·parser판,원문시점·추출시점·검토시점 분리,COMMON+원문 좌표,공용과 작품 원자료 출처층 분리,project_extension,SYSTEM §4;CRM7.1.3 §E31
RM-PERSON-05,친족,person,spouse_of,person,none,none,project marriage relation,혼인 주장과 법적/사회적 효력이 구별될 때,상대·혼인 유형·출처,혼인 성립·해소 기간,원문 주장·모델 해석·검토 채택을 분리하고 source span 보존,공용 원역사와 작품 overlay 분리,project_extension,SYSTEM §4;CRM7.1.3 §E21
RM-PERSON-06,친족,person,adoptive_parent_of,person,none,none,project adoption relation,입양 사건/법적 친자 주장이 명시될 때,법제·입양행위자·출처,입양 성립·해소 기간,원문 주장·모델 해석·검토 채택을 분리하고 source span 보존,공용 원역사와 작품 overlay 분리,project_extension,SYSTEM §4;CRM7.1.3 §E21
RM-PERSON-07,생애,birth,brought_person_into_life,person,P98 brought into life,P98i was born,E67 to E21,출생 사건과 인물이 연결될 때,출생장소·부모 귀속은 별도,출생 사건 E52 기간,원문 주장·모델 해석·검토 채택을 분리하고 source span 보존,공용 원역사와 작품 overlay 분리,conditional,CRM7.1.3 §E67 §P98
RM-PERSON-08,생애,death,was_death_of,person,P100 was death of,P100i died in,E69 to E21,사망 사건과 인물이 연결될 때,사망원인 주장은 별도,사망 사건 E52 기간,원문 주장·모델 해석·검토 채택을 분리하고 source span 보존,공용 원역사와 작품 overlay 분리,conditional,CRM7.1.3 §E69 §P100
RM-PERSON-09,거주,actor,resided_at,place,P74 has current or former residence,P74i is current or former residence of,E39 to E53,거주 또는 등록 주소가 명시될 때,주소형태·확신도,거주 기간은 프로젝트 assertion 한정자,원문 주장·모델 해석·검토 채택을 분리하고 source span 보존,공용 원역사와 작품 overlay 분리,conditional,CRM7.1.3 §P74
RM-PERSON-10,소속,joining,joined_actor,actor,P143 joined,P143i was joined by,E85 to E39,가입·취임 등의 joining 사건이 식별될 때,회원 역할,사건 기간과 소속 유효기간 분리,원문 주장·모델 해석·검토 채택을 분리하고 source span 보존,공용 원역사와 작품 overlay 분리,conditional,CRM7.1.3 §E85 §P143
RM-PERSON-11,소속,joining,joined_group,group,P144 joined with,P144i gained member by,E85 to E74,동일 joining 사건의 대상 그룹일 때,회원 역할 P144.1,사건 기간과 소속 유효기간 분리,원문 주장·모델 해석·검토 채택을 분리하고 source span 보존,공용 원역사와 작품 overlay 분리,conditional,CRM7.1.3 §E85 §P144
RM-PERSON-12,소속,leaving,separated_actor,actor,P145 separated,P145i left by,E86 to E39,탈퇴·제적 등의 leaving 사건일 때,이탈 사유 별도,이탈 사건 기간,원문 주장·모델 해석·검토 채택을 분리하고 source span 보존,공용 원역사와 작품 overlay 분리,conditional,CRM7.1.3 §E86 §P145
RM-PERSON-13,소속,leaving,separated_from_group,group,P146 separated from,P146i lost member by,E86 to E74,동일 leaving 사건의 대상 그룹일 때,회원 역할,이탈 사건 기간,원문 주장·모델 해석·검토 채택을 분리하고 source span 보존,공용 원역사와 작품 overlay 분리,conditional,CRM7.1.3 §E86 §P146
RM-GROUP-01,집단,formation,formed_group,group,P95 has formed,P95i was formed by,E66 to E74,조직 성립 사건이 특정될 때,창립행위자 P14 별도,성립 시점 미상 허용,원문 주장·모델 해석·검토 채택을 분리하고 source span 보존,공용 원역사와 작품 overlay 분리,conditional,CRM7.1.3 §E66 §P95
RM-GROUP-02,집단,dissolution,dissolved_group,group,P99 dissolved,P99i was dissolved by,E68 to E74,조직 해산 사건이 특정될 때,해산 주체 P14 별도,해산 시점 미상 허용,원문 주장·모델 해석·검토 채택을 분리하고 source span 보존,공용 원역사와 작품 overlay 분리,conditional,CRM7.1.3 §E68 §P99
RM-ECON-03,경제,acquisition,transferred_title_of,physical_thing,P24 transferred title of,P24i changed ownership through,E8 to E18,소유권 이전 대상 실물이 특정될 때,수량·가격·지분은 별도,권리이전 시점과 인도일 구분,원문 주장·모델 해석·검토 채택을 분리하고 source span 보존,공용 원역사와 작품 overlay 분리,conditional,CRM7.1.3 §E8 §P24
RM-ECON-04,경제,physical_thing,has_current_owner,actor,P52 has current owner,P52i is current owner of,E18 to E39,현재 소유 주장만 있고 이전사건 미상일 때,기준시점·권리형태,현재의 기준시각을 필수 저장,원문 주장·모델 해석·검토 채택을 분리하고 source span 보존,공용 원역사와 작품 overlay 분리,conditional,CRM7.1.3 §P52
RM-PART-04,물리구성,physical_thing,has_physical_part,physical_thing,P46 is composed of,P46i forms part of,E18 to E18,부분이 실물이며 물리 포함될 때,부분 식별·불변 여부,구성 기간과 물리 교체 구분,원문 주장·모델 해석·검토 채택을 분리하고 source span 보존,공용 원역사와 작품 overlay 분리,conditional,CRM7.1.3 §P46
RM-PART-05,상징구성,symbolic_object,has_symbolic_part,symbolic_object,P106 is composed of,P106i forms part of,E90 to E90,텍스트·기호 조각의 구성일 때,표현판·문자 범위,판본별 조각 구성,원문 주장·모델 해석·검토 채택을 분리하고 source span 보존,공용 원역사와 작품 overlay 분리,conditional,CRM7.1.3 §P106
RM-PLACE-02,장소,physical_thing,was_located_at,place,P53 has former or current location,P53i is former or current location of,E18 to E53,실물의 전·현 위치 주장일 때,이동 근거와 현재 여부,위치 유효기간은 별도,원문 주장·모델 해석·검토 채택을 분리하고 source span 보존,공용 원역사와 작품 overlay 분리,conditional,CRM7.1.3 §P53
RM-TIME-02,시간,temporal_entity,strictly_preceded,temporal_entity,P183 ends before the start of,P183i starts after the end of,E2 to E2,두 기간 사이 엄격한 선후가 입증될 때,시각 정밀도·역법,불확실 범위가 겹치면 생성 금지,원문 주장·모델 해석·검토 채택을 분리하고 source span 보존,공용 원역사와 작품 overlay 분리,conditional,CRM7.1.3 §P183;구 P120 대체
RM-TIME-03,시간,timespan,ongoing_throughout,time_primitive,P81 ongoing throughout,none,E52 to E61,현상이 알려진 구간 내내 계속됨이 증거로 확인될 때,경계·역법,최소 지속 구간,원문 주장·모델 해석·검토 채택을 분리하고 source span 보존,공용 원역사와 작품 overlay 분리,conditional,CRM7.1.3 §P81
RM-TIME-04,시간,timespan,sometime_within,time_primitive,P82 at some time within,none,E52 to E61,언제인지는 몰라도 주어진 구간 안에 발생했을 때,경계·역법,불확실 상한 구간,원문 주장·모델 해석·검토 채택을 분리하고 source span 보존,공용 원역사와 작품 overlay 분리,conditional,CRM7.1.3 §P82
RM-TECH-08,기술,actor,has_procedural_skill,documented_procedure,none,none,project skill relation,내용을 아는 것과 별개로 수행 숙련의 근거가 있을 때,숙련 정도·재현 조건,숙련 기간,원문 주장·모델 해석·검토 채택을 분리하고 source span 보존,공용 원역사와 작품 overlay 분리,project_extension,SYSTEM §4 §6;CRM7.1.3 §P33 경계
RM-TECH-09,기술,actor,can_execute_here,documented_procedure,none,none,project situated capability relation,자원·설비·노동·권한 등 지역 조건을 검토할 때,조건 충족/부족/충돌/미확인,시기·지역·대상 행위 한정,원문 주장·모델 해석·검토 채택을 분리하고 source span 보존,공용 원역사와 작품 overlay 분리,project_extension,SYSTEM §4 §6;CRM7.1.3 §P16 경계
RM-CAUSE-04,추론,event,changes_state,state,none,none,project state transition relation,사건으로 상태값이 바뀐다는 주장/채택이 있을 때,전·후 상태판·영향범위,효과 시작·종료 시점,원문 주장·모델 해석·검토 채택을 분리하고 source span 보존,공용 원역사와 작품 overlay 분리,project_extension,SYSTEM §2;CRM7.1.3 §P15 한계
RM-REL-03,전파,activity,transmitted_content,doctrine_or_ideology,none,none,project transmission relation,메시지·교육·문헌 전달 행위가 근거에 있을 때,송신자·수신자·매체·내용판,전달시점과 수용시점 분리,원문 주장·모델 해석·검토 채택을 분리하고 source span 보존,공용 원역사와 작품 overlay 분리,project_extension,SYSTEM §4;CRM7.1.3 §E7 §E89
RM-REL-04,인지,actor,is_aware_of,event_or_content,none,none,project awareness relation,행위자가 사건/발언의 존재를 인지했다는 증거가 있을 때,통지 경로·인지 범위,인지 시작과 사건 발생 분리,원문 주장·모델 해석·검토 채택을 분리하고 source span 보존,공용 원역사와 작품 overlay 분리,project_extension,SYSTEM §4 §6
RM-BRANCH-03,분기,work_actor,learned_about,event_or_content,none,none,project work cognition event,작품 속 전달/관찰로 인지 전환이 생길 때,전달자·경로·장면,장면시점과 공개시점 분리,원문 주장·모델 해석·검토 채택을 분리하고 source span 보존,공용 원역사와 작품 overlay 분리,project_extension,SYSTEM §3 §4 §6
RM-CONCEPT-06,문헌,linguistic_object,uses_language,language,P72 has language,P72i is language of,E33 to E56,표현판의 언어가 확인될 때,원어·혼용·번역판,언어 사용 시기와 내용 창안시기 분리,원문 주장·모델 해석·검토 채택을 분리하고 source span 보존,공용 원역사와 작품 overlay 분리,conditional,CRM7.1.3 §P72
RM-CONCEPT-07,문헌,linguistic_object,has_translation,linguistic_object,P73 has translation,P73i is translation of,E33 to E33,실제 번역 관계가 출처에 있을 때,원문판·번역자·판본,번역 작성일과 원문 작성일 분리,원문 주장·모델 해석·검토 채택을 분리하고 source span 보존,공용 원역사와 작품 overlay 분리,conditional,CRM7.1.3 §P73
RM-CONCEPT-08,문헌,physical_thing,carries_symbols,symbolic_object,P128 carries,P128i is carried by,E18 to E90,실물 매체가 특정 기호/문헌판을 담을 때,매체판·손실/보존상태,매체 제작·내용 창안 시기 분리,원문 주장·모델 해석·검토 채택을 분리하고 source span 보존,공용 원역사와 작품 overlay 분리,conditional,CRM7.1.3 §P128
RM-CONCEPT-09,문헌,information_object,incorporates_symbols,symbolic_object,P165 incorporates,P165i is incorporated in,E73 to E90,정보 객체가 식별 가능한 기호 부분을 포함할 때,부분 범위·표현판,판본별 포함관계,원문 주장·모델 해석·검토 채택을 분리하고 source span 보존,공용 원역사와 작품 overlay 분리,conditional,CRM7.1.3 §P165
RM-PLACE-03,장소,place,falls_within,place,P89 falls within,P89i contains,E53 to E53,장소의 공간 범위 전체가 다른 장소 안에 있을 때,경계판·지도·CRS,공간 경계가 유효한 기간 별도,원문 주장·모델 해석·검토 채택을 분리하고 source span 보존,공용 원역사와 작품 overlay 분리,conditional,CRM7.1.3 §P89 §E53
RM-PLACE-04,장소,physical_object,has_current_location,place,P55 has current location,P55i currently holds,E19 to E53,해당 원문·기록 기준시점의 현재 위치가 명시될 때,기준시각·이동 출처,기준시각을 필수 보존하고 장소 이력 P53과 구별,원문 주장·모델 해석·검토 채택을 분리하고 source span 보존,공용 원역사와 작품 overlay 분리,conditional,CRM7.1.3 §P55 §E19
RM-PLACE-05,장소,place,has_reported_coordinates,coordinate_expression,none,none,project coordinate assertion,좌표·위도경도·기준계가 특정되거나 원형 보존될 때,CRS·정밀도·측정법·원문값,좌표·경계의 유효기간 별도,원문 주장·모델 해석·검토 채택을 분리하고 source span 보존,공용 원역사와 작품 overlay 분리,project_extension,SYSTEM §4;CRM7.1.3 §E53;GeoSPARQL 선택
RM-POWER-04,정치,polity_actor,has_capital,place,none,none,project capital relation,실제 국가 행위체의 수도 주장일 때,법정·실무 수도·복수 수도·출처,해당 정치체·시기별 수도 유효기간,원문 주장·모델 해석·검토 채택을 분리하고 source span 보존,공용 원역사와 작품 overlay 분리,project_extension,SYSTEM §4;CRM7.1.3 §E74 §E53
RM-POWER-05,정치,polity_actor,has_largest_city,place,none,none,project city ranking relation,최대 도시의 순위 기준과 대상 관할이 명시될 때,인구·면적 등 기준·분모·출처,측정 및 주장 기준시점,원문 주장·모델 해석·검토 채택을 분리하고 source span 보존,공용 원역사와 작품 overlay 분리,project_extension,SYSTEM §4;CRM7.1.3 §E74 §E53 §E54
RM-GROUP-03,조직,group,has_parent_organization,group,none,none,project organizational hierarchy relation,조직 계층 또는 관리권이 명시될 때,법적 소속·감독·연합 등 관계형,계층 유효기간,원문 주장·모델 해석·검토 채택을 분리하고 source span 보존,공용 원역사와 작품 overlay 분리,project_extension,SYSTEM §4;CRM7.1.3 §E74 §P107 경계
RM-GROUP-04,조직,group,affiliated_with,group,none,none,project affiliation relation,제휴·협력·연계의 의미가 명시될 때,관계 유형·강도·상호성,제휴 기간과 탈퇴시점,원문 주장·모델 해석·검토 채택을 분리하고 source span 보존,공용 원역사와 작품 overlay 분리,project_extension,SYSTEM §4;CRM7.1.3 §E74 §P107 경계
