domain_id,domain,subdomain,source_pattern,referent_boundary,project_type,crm_alignment,crm_path,application_condition,time_identity_policy,source_policy,support_level,evidence
SD-PEOPLE-01,인물,실존 인물,인물 문서의 생몰·활동·별칭,인물 자체와 전기 서술을 분리,person,E21 Person,E21 --P1→ E41; 출생 E67 --P98→ E21; 사망 E69 --P100→ E21,실존 식별 근거가 있을 때,사람 ID 유지와 이름·직위의 시기별 별도 주장,COMMON+동명이인 근거,conditional,CRM7.1.3 §E21 §E41 §E67 §E69;SYSTEM §4
SD-PEOPLE-02,인물,직위·소속·활동,재임표와 경력 문장,인물과 직위·소속 상태를 분리,person_role_state,E21/E74/E7,E7 --P14→ E39 행위자; 직위·소속 기간은 프로젝트 관계,소속 주체와 지위가 식별될 때,직위 시작·종료 미상 허용,COMMON+직위 문장 위치,project_extension,CRM7.1.3 §E21 §E74 §E7;SYSTEM §6
SD-PEOPLE-03,인물,가계·친족,부모·배우자·후손 표,인물 ID와 가족 서술·관계를 분리,kinship_claim,E21/E74/E13,친족 관계는 출처 주장으로 보존,관계 당사자가 식별될 때,생물학·법적·혼인 관계와 유효 시점 구별,COMMON+표 셀 좌표,project_extension,CRM7.1.3 §E21 §E74 §E13
SD-GROUP-01,집단,조직·기관,조직 문서의 설립·해산·회원,집단과 사무실·건물을 분리,organization,E74 Group/E66 Formation,E66 --P95→ E74; 가입 E85 --P143→ E39 및 E85 --P144→ E74; 이탈 E86 사건,공동 행위체로 식별 가능할 때,조직 ID와 개편·명칭·회원 기간 분리,COMMON+설립 출처,conditional,CRM7.1.3 §E74 §E66 §E85 §E86
SD-GROUP-02,집단,민족·사회집단,민족·계층·운동 집단 서술,분류명과 실제 조직화된 집단을 분리,social_group,E55 Type/E74 Group,E55 분류 또는 E74 행위체,집단 행위·경계가 입증될 때만 E74,명칭과 구성원·자기정체성의 시대별 변화,COMMON+누가 분류했는지,conditional,CRM7.1.3 §E55 §E74 §E13
SD-POLITY-01,국가·정치,국가 행위체,왕국·공화국의 통치 행위,정치 행위체와 땅·정부 조직을 분리,polity_actor,E74 Group/E7 Activity,E7 --P14→ E74 조건부,행위 주체가 특정되면 정부·왕조 ID 구별,성립·승계·분열과 명칭의 판별 기준 별도,COMMON+시대별 주체 근거,conditional,CRM7.1.3 §E74 §E7 §P14;SYSTEM §4
SD-POLITY-02,국가·정치,영토·경계,영토 지도·영유 주장,장소·경계 주장과 행위체를 분리,territorial_extent,E53 Place/E13,E53 및 E13 경계 귀속,지도·조약의 주장 범위가 명시될 때,시기별 다각형·관할 경계와 충돌 주장 보존,COMMON+지도판·축척·출처,project_extension,CRM7.1.3 §E53 §E13
SD-POLITY-03,국가·정치,주권·정치권한,책봉·독립·관할권 서술,법적 권리와 실효 지배·주장을 분리,political_authority,E30 Right/E13 조건부,권한 귀속·행사·인정의 프로젝트 관계,CRM E30만으로 주권 전체를 동등표현하지 않음,효력·승인·분쟁 시기와 주체 구별,COMMON+상충 인정 근거,project_extension,CRM7.1.3 §E30 §E13
SD-POLITY-04,국가·정치,왕조·통치계승,왕위 계승표·왕조 서술,가문·직위·국가 행위체를 분리,succession,E21/E74/E7,즉위 E7과 직위 상태 연결,혈통·승계 정당화 주장은 별도,행사일·공식 즉위일·인지일 구별,COMMON+근거별 왕계,project_extension,CRM7.1.3 §E21 §E74 §E7
SD-LAW-01,법·제도,법령·규범 내용,법전·헌법·규칙 문서,규범의 내용과 제정 행사·문서를 분리,norm_content,E89/E73,E89 내용 및 E73 특정 표현,명제와 법문판을 별도 식별,개정판·효력 기간·적용 관할 분리,COMMON+조문·판본 좌표,conditional,CRM7.1.3 §E89 §E73 §E65
SD-LAW-02,법·제도,제정·폐지·적용,공포·개정·재판 기록,규범 내용과 역사적 시행을 분리,legal_application,E7/E13,E7 --P14→ E39 제정 행위자; 법규 내용 참조는 별도 주장,법 적용은 지역·기관·대상 조건 필요,제정일과 발효일 및 실제 집행 기간 구별,COMMON+공포·적용 출처,project_extension,CRM7.1.3 §E7 §E13 §E89
SD-ECON-01,경제,거래·소유·가격,매매·무역·가격표,거래 사건과 상품 분류·가격 주장 분리,economic_exchange,E8 Acquisition/E96 Purchase/E54,E96 또는 E8 및 E54 수치,자료가 특정 거래를 가리킬 때,거래일·소유권·점유·가치시점 구별,COMMON+금액 단위 원문,conditional,CRM7.1.3 §E8 §E96 §E54
SD-ECON-02,경제,시장·화폐·제도,시장 관행·통화 제도 설명,제도 개념과 시기별 시행 상태 분리,economic_institution,E55/E89/E98,E55 분류·E89 규칙·E98 화폐형,시대·지역별 실제 유통은 연결 주장 필요,도입·폐지·유통의 유효기간 분리,COMMON+경제 서술 근거,conditional,CRM7.1.3 §E55 §E89 §E98
SD-ECON-03,경제·인구,인구·경제 통계,인구조사 표·GDP 추정치,측정 결과와 대상 모집단·방법을 분리,statistical_estimate,E73/E54/E13 조건부,자료표 E73 및 수치 주장 E13,분모·방법·추정 여부 없으면 확정 수치 아님,기준 시점·대상 경계·단위·오차판 분리,COMMON+표 셀·방법 출처,project_extension,CRM7.1.3 §E73 §E54 §E13
SD-WAR-01,전쟁·분쟁,전쟁·작전,전쟁 개요·작전 연표,상위 과정과 하위 전투를 별도 식별,war_process,E4 Period/E7 Activity,E4 --P9→ E4 하위 사건; 전쟁 행위는 E7,전쟁을 하나의 단일 원인으로 중복 합산하지 않음,작전·전투·점령·조약 각 시기 분리,COMMON+전쟁 범위 출처,conditional,CRM7.1.3 §E4 §E7 §P9;SYSTEM §2
SD-WAR-02,전쟁·분쟁,전투·점령·피해,전투·사상자·점령 기록,행동·결과 상태·수치 주장 분리,battle_or_occupation,E5 Event/E7 Activity/E54,행위자 P14·장소 P7·시간 P4,점령 지속과 전투 발생은 다른 주장,발생시점·점령유효기간·집계대상 구별,COMMON+상충 피해 집계,conditional,CRM7.1.3 §E5 §E7 §E54
SD-DIP-01,외교,조약,조약 본문·서명 기사,협정 명제·서명 사건·효력 분리,treaty,E89/E73/E7,E89 조항·E73 문헌·E7 서명,조약의 실제 준수는 별도 전표,서명·비준·발효·파기 시기 분리,COMMON+문서판과 조항,conditional,CRM7.1.3 §E89 §E73 §E7
SD-DIP-02,외교,사절·동맹·인정,사절 파견·관계 개선 서술,방문 사건과 지속 관계·인정 주장 분리,diplomatic_relation,E7/E13,E7 활동과 프로젝트 관계,서로 다른 당사자의 인정 여부 별도,방문일과 동맹 유효기간 분리,COMMON+당사자별 출처,project_extension,CRM7.1.3 §E7 §E13
SD-GEO-01,지리,지명·위치,지명 문서·좌표·별명,장소와 이름·좌표 주장 분리,place,E53 Place/E41 Appellation,E53 --P1→ E41; 좌표·측량 귀속은 별도 주장,한 이름이 여러 장소를 가리킬 수 있음,장소 지속 ID와 지명·좌표판 구별,COMMON+좌표계·판본,conditional,CRM7.1.3 §E53 §E41
SD-GEO-02,지리,국경·행정구획,행정 지도·경계 변동 문서,장소 범위와 행정·주권 관계 분리,boundary_version,E53 Place/E13,E53 기반 프로젝트 시간 관계,대표 좌표 한 점으로 경계 대체 금지,구간별 경계 판과 편집·주장 날짜 분리,COMMON+지도·도형 출처,project_extension,CRM7.1.3 §E53 §E13
SD-GEO-03,지리·시설,도시·유적·건축물,정착지·유적·건물 문서,부지·건축물·기관을 분리,site_or_facility,E27 Site/E22 Human-Made Object,E27 부지 또는 E22 물체,시설의 운영기관은 E74 별도,건설·개축·폐허·재사용 시기 분리,COMMON+지층·도면 근거,conditional,CRM7.1.3 §E27 §E22 §E11
SD-OBJECT-01,유물·물건,제작물 개체,유물·선박·책 실물 문서,개별 물건과 제품형·표현을 분리,artifact,E22 Human-Made Object/E12 Production,E12 --P108→ E24; 개별 제품의 식별은 E22 등 조건부,동일 이름의 복제·판본 혼동 금지,제작·개조·이동·소유 사건 별도,COMMON+소장번호·사진 출처,conditional,CRM7.1.3 §E22 §E12 §P108
SD-MATERIAL-01,재료,물질 유형,철·목재·합금 설명,재료 유형과 실제 광석·주조물 분리,material_type,E57 Material,E57 분류 개념,성질 설명은 별도 E89 주장,분류판과 지역 가용성 시기 분리,COMMON+성분·명칭 출처,conditional,CRM7.1.3 §E57 §E89
SD-MATERIAL-02,재료,개별 표본·매장 자원,광산·광석 표본 문서,매장지·표본·광물 유형 분리,resource_instance,E18 Physical Thing/E27 Site/E57,E18 표본·E27 부지·E57 유형,추정 매장량과 실제 채굴량 분리,존재·발견·채굴·고갈 시점 구별,COMMON+조사법·단위,conditional,CRM7.1.3 §E18 §E27 §E57
SD-TECH-01,기술,일반 기술 범주,제철·조선 기술 개요,기술명 분류와 상세 절차 분리,technique_type,E55 Type,E55 및 사용 P32,일반 범주는 실행 가능성 증거 아님,지역별 지식·숙련·장비 가용 기간 별도,COMMON+범주 정의 출처,conditional,CRM7.1.3 §E55 §P32
SD-TECH-02,기술,문서화된 설계·공정,공정 단계·도면·특허,구체 계획과 실제 실행 분리,documented_procedure,E29 Design or Procedure,E29 --P68→ E57 예상 재료; E7 --P33→ E29 실제 활동의 특정 절차,실행되지 않은 설계도 허용,설계판·공개시기와 실행사건 시기 분리,COMMON+도면·절차판,conditional,CRM7.1.3 §E29 §P33 §P68
SD-TECH-03,기술,도입·보급·생산역량,발명·공방·보급 기사,알음·시제품·생산·확산 상태 분리,technical_availability,E7/E12 조건부,프로젝트 능력·인지 연결,공정 문서만으로 지역 구현 추정 금지,주체·지역·시기별 각 상태 유지,COMMON+재료·설비 근거,project_extension,CRM7.1.3 §E7 §E12;SYSTEM §6
SD-SCI-01,과학,자연 원리와 명제,물리·화학 원리 문서,물리 현상 자체와 인간 서술 내용 분리,scientific_content,E89 Propositional Object,E89 이론 명제·E73 표현,객관 세계의 법칙 자체를 E28과 동등시하지 않음,원리 내용에 임의 발생연도 부여 금지,COMMON+이론판·반례 출처,conditional,CRM7.1.3 §E89 §E28;SYSTEM §6
SD-SCI-02,과학,이론·학설 판본,과학 이론 발전 서술,명제 내용과 공식·논문 표현 분리,theory_version,E89/E73/E33,E89 주장판·E73 공식판,서로 대체·수정되는 이론판 유지,정식화·발표·수용 시기 별도,COMMON+논문·판본 출처,conditional,CRM7.1.3 §E89 §E73
SD-SCI-03,과학,발견·실험,발견 기사·실험 기록,현상과 관찰·정식화 행위 분리,discovery_or_observation,E7/E13/E65 조건부,E7 조사·E13 귀속·E65 새 지적 내용,자연법칙 창조라고 기록 금지,관찰·발표·수용·재현 시기 분리,COMMON+원저/2차서술 구별,conditional,CRM7.1.3 §E7 §E13 §E65
SD-MATH-01,수학,추상 대상·정리,수학 정리·구조·증명,추상 대상과 인간 표현·증명 구별,mathematical_abstract,E89/E73 부분 정렬,정리 내용 E89·표현 E73;추상 대상은 프로젝트 타입,CRM E28을 수학적 대상 자체와 동일시 금지,표현·증명 작성 시점만 기록,COMMON+정의·증명판,project_extension,CRM7.1.3 §E89 §E73
SD-BIO-01,생물,종·분류군,분류표·종 문서,분류 개념과 살아있는 개체 분리,taxon,E55 Type/E83 Type Creation,E83 --P135→ E55 분류 유형 생성; 표본 분류는 별도 E17,분류 변경을 개체의 생물학적 변화로 취급 금지,분류판·명명 시기와 개체 생존기간 분리,COMMON+분류체계·학명판,conditional,CRM7.1.3 §E55 §E83
SD-BIO-02,생물,개체·표본,표본·개체 생애 문서,생물 개체와 종 유형·시체 표본 구별,organism_or_specimen,E20 Biological Object/E18 Physical Thing,E20 생물 개체 및 E18 물리 표본,동종 모든 개체의 속성 일반화 금지,개체 생존·채집·관찰 시점 구별,COMMON+표본 ID,conditional,CRM7.1.3 §E20 §E18
SD-DISEASE-01,질병,질병 범주·병인 이론,질병 개요·병인 설명,질병 분류와 이론판·개별 환자 분리,disease_concept,E55/E89 부분 정렬,E55 진단범주·E89 병인 설명,질병 유형을 특정 환자 상태로 치환 금지,진단 기준·병인판의 시기 분리,COMMON+의학판·근거,conditional,CRM7.1.3 §E55 §E89
SD-DISEASE-02,질병,발병·유행·환자,유행 연표·환자 기록,유행 사건과 인물 건강 상태·집계 분리,disease_occurrence,E4/E5/E13 조건부,유행 E4·발병 E5·건강 주장 E13,개별 의료기록 부재를 비감염으로 추론 금지,증상·진단·유행기간·집계시점 분리,COMMON+증거·추정치,project_extension,CRM7.1.3 §E4 §E5 §E13
SD-MED-01,의학,치료법·임상실행,치료법 설명·수술 기록,처방과 실제 치료·결과 분리,medical_procedure,E29/E7,E29 절차; E7 --P33→ E29 실제 활동의 특정 절차,기술 문서만으로 당대 사용·효과 확정 금지,발견·임상·보급·환자별 효과시기 구별,COMMON+환자/기관 출처,conditional,CRM7.1.3 §E29 §E7 §P33
SD-NATURE-01,자연,지진·화산·홍수,자연재해 연표,물리 사건과 피해 평가 분리,natural_event,E5 Event/E4 Period,E5 사건·E4 지속 과정,의도적 행위 E7로 오분류 금지,발생·파급·관측시점 구별,COMMON+계측·전언,conditional,CRM7.1.3 §E5 §E4
SD-ASTRO-01,천문,천체·천문현상,천체 목록·식 관측,물체·현상·관측 기록 분리,astronomical_entity_or_event,E18/E5/E13 조건부,E18 천체·E5 현상·E13 관측 귀속,미관측이 부재 증명 아님,천문 발생시점과 인간 관측시점 분리,COMMON+역법·좌표,conditional,CRM7.1.3 §E18 §E5 §E13
SD-CLIMATE-01,기후·환경,기후기록·장기 변화,기후표·가뭄 장기서술,날씨 사건·기후 통계·영향 분리,climate_state,E4/E54/E73 부분 정렬,E4 기간·E54 측정·E73 자료표,지역 평균을 개인 경험으로 자동 전파 금지,측정기간·집계범위·불확실성 유지,COMMON+관측 방법·단위,project_extension,CRM7.1.3 §E4 §E54 §E73
SD-REL-01,종교,전통·분류,종교 개요와 교파 목록,전통 범주와 교리·조직·신자 분리,religious_tradition,E55 Type 조건부,E55 분류개념·하위어 관계,종교 전체를 하나의 E89 주장으로 압축 금지,분류판·교파 경계와 자칭 시대 분리,COMMON+분류 주체,conditional,CRM7.1.3 §E55 §P127
SD-REL-02,종교,교리·경전 내용,교리 조항·경전 텍스트,명제 내용과 표현판·물리책 분리,doctrine_version,E89/E73/E33,E89 교리판·E73 정보판·E33 언어표현,교리 판본·해석 차이를 보존,정립·번역·수용 시기 별도,COMMON+장절·번역판,conditional,CRM7.1.3 §E89 §E73 §E33
SD-REL-03,종교,교단·기관,교단·사원·성직 조직,조직과 시설·종교 범주 분리,religious_institution,E74/E66/E27,E74 조직·E66 형성·E27 부지,명칭 일치로 동일 조직 단정 금지,분파·합병·이전·설립 시기 구별,COMMON+조직판·시설출처,conditional,CRM7.1.3 §E74 §E66 §E27
SD-REL-04,종교,수용·전파·의례,개종·전도·의례 서술,주장된 믿음·행동·사회적 확산 분리,religious_reception,E7/E13 부분 정렬,E7 실천·E13 수용 귀속;인지/믿음은 프로젝트 연결,교리 인지와 수행·공식 소속을 동일시 금지,행위자·지역·기간별 수용판 유지,COMMON+전언과 자기진술 구별,project_extension,CRM7.1.3 §E7 §E13
SD-IDEA-01,사상·정치철학,이데올로기·도그마,사상 개요·선언문,사상 분류·명제판·운동 조직 분리,ideology_content,E55/E89/E73 조건부,E55 범주·E89 주장판·E73 선언문,사회 일반화를 보편 인과 법칙으로 자동 확정 금지,정립·해석·변형판과 정치적 수용기간 분리,COMMON+저자·번역판,conditional,CRM7.1.3 §E55 §E89 §E73
SD-IDEA-02,사상·정치철학,사상 수용·정책화,교육·선전·개혁 서술,관념 내용과 특정 집단 실천 분리,idea_application,E7/E13 부분 정렬,E7 행위·E13 수용 주장,동일 용어가 다른 해석판 지시 가능,행위자·지역·시기·정책판 별도,COMMON+반대출처,project_extension,CRM7.1.3 §E7 §E13
SD-LANG-01,언어,언어 유형·변종,언어 문서·계통표,언어 분류와 말하기 행위·텍스트 분리,language_type,E56 Language/E55,E56 및 E55 계층,언어명 동일하나 시대별 변종 가능,표준화·사용 지역·화자시기 분리,COMMON+언어학 분류판,conditional,CRM7.1.3 §E56 §E55
SD-LANG-02,언어,발화·번역·문헌,연설·번역본·필사본,언어적 내용과 실물 매체·발화 사건 분리,linguistic_expression,E33/E73/E7,E33 내용·E7 발화·E22 실물,동일작품 번역/개정은 별도 표현판,작성·발화·필사·출판 시기 분리,COMMON+판본·문장좌표,conditional,CRM7.1.3 §E33 §E73 §E7
SD-LIT-01,문학,작품·줄거리·판본,소설·시·서사 문서,작품 내용과 특정 판본·실물책 분리,literary_work,E89/E73/E33/E22,E89 서사내용·E73 또는 E33 표현·E22 책,원전·각색·번역의 identity 경계 기록,창작·출판·독자수용 시기 구별,COMMON+판본·저작권,conditional,CRM7.1.3 §E89 §E73 §E33
SD-ART-01,예술,음악·시각작품,그림·악보·공연 문서,작품의 관념·표현·실물·공연을 분리,artwork,E89/E90/E73/E22/E7,E89 내용·E90 기호·E22 실물·E7 공연,한 공연을 작품 전체와 동일시 금지,작곡/제작/연주/전시 시기 분리,COMMON+작품판·매체,conditional,CRM7.1.3 §E89 §E90 §E22 §E7
SD-MEDIA-01,미디어,사진·영상·파일,사진·영화·파일 문서,시각/영상 정보와 파일·필름 개체 분리,media_object,E36/E73/E90/E22,E36 시각내용·E73 정보판·E22 실물,원자료와 복제·편집본 별도 식별,촬영·출판·재인코딩 시기 구별,COMMON+파일판·권리,conditional,CRM7.1.3 §E36 §E73 §E22
SD-SPORT-01,스포츠,종목·경기·성적,스포츠 종목 문서·경기 결과표,종목 범주와 경기 사건·기록 분리,sport_event,E55/E7/E54,E55 종목·E7 경기·E54 성적,규칙판·팀·경기 개체 분리,경기일·시즌·기록갱신 시기 구별,COMMON+기록단위·주최자,conditional,CRM7.1.3 §E55 §E7 §E54
SD-FICTION-01,가상설정,가상 인물·장소·사건,허구 세계 설명 문서,원문 속 가상 대상과 공용 원역사 인물 분리,fictional_referent,E89/E73 부분 정렬,E89 서사 내용·E73 표현;세계 내부 대상은 작품 타입,허구 인물을 공용 E21 실존 인물로 승격 금지,작품 내부 시간과 출판·독자 시간 분리,COMMON+fiction 표지·작품판,project_extension,CRM7.1.3 §E89 §E73;SYSTEM §4
SD-LIST-01,위키 페이지,목록·연표,목록·연표 페이지,목록 문서와 열거된 대상의 존재를 분리,list_page,E73/E31,E73 목록표현·E31 현실주장 문서 조건부,열거 항목을 무검토 사실로 채택 금지,목록판과 항목별 사실시점 분리,COMMON+행/셀·링크좌표,conditional,CRM7.1.3 §E73 §E31
SD-LIST-02,위키 페이지,개념·분류 페이지,용어·분류·개념 설명,분류형과 그 정의문·예시를 분리,concept_page,E55/E89/E73,E55 유형·E89 정의 내용·E73 페이지판,분류명이 실재 개체를 뜻하는지 확인,분류체계 판과 문서 편집시점 분리,COMMON+정의·분류 출처,conditional,CRM7.1.3 §E55 §E89 §E73
SD-LIST-03,위키 페이지,모호성·넘겨주기,동명이인·동음이의·redirect,표제 문자열과 실제 지시 대상 분리,disambiguation,E41/E42/E73 조건부,E41 이름·E73 목록,redirect는 동일성의 후보이지 사실 증명 아님,별칭 유효기간과 대상 identity 결정 이력,COMMON+page_id·redirect 좌표,conditional,CRM7.1.3 §E41 §E42 §E73
SD-SOURCE-01,근거·주장,출처 문서와 주장,각주·참고문헌·인용,위키 주장과 인용 원저의 직접 확인을 분리,source_assertion,E31/E73/E13,E31 자료·E13 귀속 주장,참고문헌 존재만으로 원저 검증 표시 금지,원문 revision·열람·추출·검토 시각 구분,COMMON+각주·참고문헌 좌표,conditional,CRM7.1.3 §E31 §E13;SYSTEM §4
SD-TIME-01,시간,시기·날짜·달력,세기·연대·재위기간 문서,시간 단위와 실제 사건 발생을 분리,time_expression,E52 Time-Span/E61 Time Primitive,E52 구간 및 불확실 경계,시대 구분을 모든 사실의 단일 날짜로 적용 금지,원문 역법·범위·불명·정규화판 보존,COMMON+날짜 문구,conditional,CRM7.1.3 §E52 §E61
SD-QUANT-01,정량,수량·단위·범위,인구·거리·사상자·예산 표,수치 주장과 실체·측정방법 분리,quantity_claim,E54 Dimension/E58 Measurement Unit/E13,E54 --P90→ E60 수치; E54 --P91→ E58 단위; 귀속은 별도 E13,근사치·구간·기준 분모 없이 단일 확정값 금지,측정·추정·발표시점 별도,COMMON+표 셀·원단위,conditional,CRM7.1.3 §E54 §E58 §E13
SD-UNKNOWN-01,보존,미해석 템플릿·파서 손실,미지원 템플릿·중첩 표·파싱 오류,원문 구간과 추출 실패 이유만 보존,unmapped_source,none,원문 좌표·원형 텍스트와 실패코드,매핑 부재를 역사적 부재로 처리 금지,원문판과 파서판·재처리 이력 유지,COMMON+raw span·error code,preserve_unmapped,SYSTEM §4;PROJECT mapping contract
